number,value,datetime_start,datetime_complete,duration,params_lags,params_lags_past_covariates,params_learning_rate,params_max_depth,params_n_estimators,params_subsample,state
0,291.30025681788726,2025-11-10 10:37:02.885940,2025-11-10 10:37:12.911559,0 days 00:00:10.025619,17,23,0.1400984654902371,8,6,0.954044836064803,COMPLETE
1,323.6553992023038,2025-11-10 10:37:12.942632,2025-11-10 10:37:20.051259,0 days 00:00:07.108627,7,16,0.0030396782518703953,3,17,0.49646380215726116,COMPLETE
2,326.15974489318063,2025-11-10 10:37:20.173754,2025-11-10 10:37:27.179397,0 days 00:00:07.005643,20,2,0.01337602870359472,10,11,0.3594836436402812,COMPLETE
3,278.5867909582222,2025-11-10 10:37:27.235990,2025-11-10 10:38:11.906266,0 days 00:00:44.670276,7,23,0.29402611662767025,9,49,0.3711673948805234,COMPLETE
4,296.0000428200623,2025-11-10 10:38:11.936095,2025-11-10 10:38:17.801111,0 days 00:00:05.865016,30,6,0.018907226549622066,3,21,0.20774105670665208,COMPLETE
5,262.4318793257812,2025-11-10 10:38:17.833015,2025-11-10 10:38:31.594315,0 days 00:00:13.761300,1,25,0.07982250937428632,2,135,0.20272086996522204,COMPLETE
6,325.9835235987083,2025-11-10 10:38:31.669450,2025-11-10 10:39:06.525894,0 days 00:00:34.856444,8,27,1.2276919609684296e-05,5,185,0.2049843701021224,COMPLETE
7,304.72984667178645,2025-11-10 10:39:06.553849,2025-11-10 10:39:34.213147,0 days 00:00:27.659298,9,8,0.003520685029627728,7,145,0.4567342357317532,COMPLETE
8,327.8934140876901,2025-11-10 10:39:34.240360,2025-11-10 10:39:40.557113,0 days 00:00:06.316753,20,10,4.592980618594166e-05,1,46,0.96967075059288,COMPLETE
9,328.18463488267696,2025-11-10 10:39:40.612631,2025-11-10 10:40:32.758378,0 days 00:00:52.145747,19,19,0.00045795147474462193,12,21,0.8446121488542205,COMPLETE
10,325.30144827393104,2025-11-10 10:40:32.791023,2025-11-10 10:40:42.955784,0 days 00:00:10.164761,1,30,0.07644245731256488,0,657,0.6902709965807012,COMPLETE
11,298.48428967175795,2025-11-10 10:40:42.989280,2025-11-10 10:41:57.371295,0 days 00:01:14.382015,1,23,0.7301366016876346,9,98,0.12780911089294406,COMPLETE
12,313.1905667186642,2025-11-10 10:41:57.413716,2025-11-10 10:42:51.940573,0 days 00:00:54.526857,5,23,0.9686412836143771,5,385,0.3307286195535952,COMPLETE
13,286.79584645008265,2025-11-10 10:42:51.969091,2025-11-10 10:43:56.740481,0 days 00:01:04.771390,12,18,0.24212366705977909,11,50,0.6424789929793531,COMPLETE
14,254.82065092336202,2025-11-10 10:43:56.811633,2025-11-10 10:44:23.562627,0 days 00:00:26.750994,12,28,0.0442727499405137,3,280,0.3432150281278716,COMPLETE
15,250.27891644341798,2025-11-10 10:44:23.590229,2025-11-10 10:44:48.069469,0 days 00:00:24.479240,26,30,0.028924420518600977,2,344,0.25894766406395714,COMPLETE
16,232.8562992845255,2025-11-10 10:44:48.130955,2025-11-10 10:45:32.046813,0 days 00:00:43.915858,27,30,0.017916354282840285,4,325,0.6110457259063127,COMPLETE
17,267.04452818545167,2025-11-10 10:45:32.079442,2025-11-10 10:47:57.836428,0 days 00:02:25.756986,27,30,0.0010846382581521509,5,856,0.6446564547885172,COMPLETE
18,327.1290869111747,2025-11-10 10:47:57.887159,2025-11-10 10:48:06.504825,0 days 00:00:08.617666,24,20,0.010016716374927535,0,417,0.7504202595008737,COMPLETE
19,318.4932309547509,2025-11-10 10:48:06.533635,2025-11-10 10:48:46.177035,0 days 00:00:39.643400,24,13,0.0005402637852200772,6,248,0.5669482936917931,COMPLETE
20,317.9457186536857,2025-11-10 10:48:46.211640,2025-11-10 10:49:55.563019,0 days 00:01:09.351379,30,27,0.00012430723594674412,4,616,0.792057957778688,COMPLETE
21,253.66670200597792,2025-11-10 10:49:55.627691,2025-11-10 10:50:17.399916,0 days 00:00:21.772225,14,30,0.03691334592588736,2,307,0.28579173152076526,COMPLETE
22,233.4560332039311,2025-11-10 10:50:17.508061,2025-11-10 10:50:47.310655,0 days 00:00:29.802594,25,30,0.0070189861002544355,2,465,0.45114839065774076,COMPLETE
23,235.3949146726825,2025-11-10 10:50:47.338379,2025-11-10 10:51:14.377421,0 days 00:00:27.039042,24,26,0.004571599599671711,1,950,0.4601137297618857,COMPLETE
24,236.48850606997593,2025-11-10 10:51:14.404978,2025-11-10 10:51:41.717806,0 days 00:00:27.312828,23,26,0.004770108839240475,1,964,0.4451956867393257,COMPLETE
25,266.11176335128346,2025-11-10 10:51:41.749415,2025-11-10 10:51:59.237758,0 days 00:00:17.488343,27,25,0.0015369480269990523,1,510,0.5510192702574445,COMPLETE
26,234.47898931571467,2025-11-10 10:51:59.304704,2025-11-10 10:53:24.890151,0 days 00:01:25.585447,23,21,0.006793713773260811,4,921,0.6018094860997741,COMPLETE
27,242.4663515404349,2025-11-10 10:53:24.960057,2025-11-10 10:53:44.903361,0 days 00:00:19.943304,22,14,0.008862951207838235,4,206,0.5924994767999783,COMPLETE
28,318.96183370802316,2025-11-10 10:53:44.983029,2025-11-10 10:54:08.043482,0 days 00:00:23.060453,28,21,0.0012371863467578591,6,81,0.7047743688784918,COMPLETE
29,319.8392438380551,2025-11-10 10:54:08.086167,2025-11-10 10:57:17.997651,0 days 00:03:09.911484,17,21,0.00022976400779282992,7,593,0.8168366646808493,COMPLETE
30,232.06052596198575,2025-11-10 10:57:18.045576,2025-11-10 10:58:00.074917,0 days 00:00:42.029341,21,17,0.007917031551219035,4,473,0.9190882989676279,COMPLETE
31,231.3227140355557,2025-11-10 10:58:00.132639,2025-11-10 10:58:41.926759,0 days 00:00:41.794120,18,17,0.007815762485038775,4,468,0.8979361325870427,COMPLETE
32,273.69035755683547,2025-11-10 10:58:41.969387,2025-11-10 10:59:11.922976,0 days 00:00:29.953589,16,17,0.0016599774323015088,3,432,0.873307769397661,COMPLETE
33,236.77338124981316,2025-11-10 10:59:11.980063,2025-11-10 10:59:27.867321,0 days 00:00:15.887258,18,12,0.01619887562289641,4,172,0.8951895793410456,COMPLETE
34,327.4558002291842,2025-11-10 10:59:27.910218,2025-11-10 10:59:32.219445,0 days 00:00:04.309227,21,1,0.002252431801896951,6,5,0.9149579496377538,COMPLETE
35,235.91771949458138,2025-11-10 10:59:32.257255,2025-11-10 10:59:46.928168,0 days 00:00:14.670913,26,15,0.020310689384631635,2,245,0.9499893418008756,COMPLETE
36,295.6558209953006,2025-11-10 10:59:46.957184,2025-11-10 10:59:51.596089,0 days 00:00:04.638905,21,4,0.10088883932147451,3,9,0.9928829133209754,COMPLETE
37,240.19394819843654,2025-11-10 10:59:51.652153,2025-11-10 11:00:10.609296,0 days 00:00:18.957143,19,16,0.05102339408380913,5,119,0.4052567100361465,COMPLETE
38,259.46853347661215,2025-11-10 11:00:10.643640,2025-11-10 11:00:55.458321,0 days 00:00:44.814681,15,11,0.17292350885350044,4,685,0.5192091613067845,COMPLETE
39,241.5176945291706,2025-11-10 11:00:55.502957,2025-11-10 11:02:16.435369,0 days 00:01:20.932412,28,7,0.01639740925626782,7,513,0.7661267304631766,COMPLETE
40,251.61215209418924,2025-11-10 11:02:16.494894,2025-11-10 11:02:40.311247,0 days 00:00:23.816353,30,28,0.0031459072910840313,2,335,0.9343153187313948,COMPLETE
41,233.31767378531407,2025-11-10 11:02:40.341002,2025-11-10 11:03:44.699672,0 days 00:01:04.358670,25,18,0.00841739452583679,4,752,0.5057741725745073,COMPLETE
42,241.35708694681142,2025-11-10 11:03:44.728625,2025-11-10 11:04:31.402507,0 days 00:00:46.673882,25,18,0.00883953611007512,3,746,0.3998713415031043,COMPLETE
43,239.8888861977257,2025-11-10 11:04:31.431348,2025-11-10 11:05:19.709925,0 days 00:00:48.278577,22,15,0.006191817333801746,5,438,0.48728729904452295,COMPLETE
44,263.5804536837885,2025-11-10 11:05:19.738784,2025-11-10 11:05:51.557646,0 days 00:00:31.818862,20,9,0.02571525998661713,4,507,0.5078113857171019,COMPLETE
45,232.95082971098745,2025-11-10 11:05:51.635659,2025-11-10 11:06:11.124580,0 days 00:00:19.488921,28,17,0.011886615606313936,3,231,0.8552708244075865,COMPLETE
46,241.16062695981037,2025-11-10 11:06:11.174292,2025-11-10 11:06:29.452274,0 days 00:00:18.277982,28,17,0.05905319614055586,3,221,0.8509345624382129,COMPLETE
47,299.60455002019296,2025-11-10 11:06:29.478820,2025-11-10 11:06:42.679643,0 days 00:00:13.200823,29,19,0.012929135463517974,6,35,0.9963072139040554,COMPLETE
48,294.2386117700061,2025-11-10 11:06:42.718357,2025-11-10 11:07:03.928767,0 days 00:00:21.210410,26,13,0.002639391814926864,5,172,0.7190577769214248,COMPLETE
49,305.5392076776085,2025-11-10 11:07:03.968675,2025-11-10 11:13:52.987256,0 days 00:06:49.018581,19,22,0.0006831876501341616,8,759,0.824737469281434,COMPLETE
50,246.35978743856685,2025-11-10 11:13:53.021476,2025-11-10 11:14:22.262335,0 days 00:00:29.240859,13,19,0.030891720302750083,4,285,0.6649834551827665,COMPLETE
51,239.07431362524852,2025-11-10 11:14:22.354949,2025-11-10 11:14:49.321620,0 days 00:00:26.966671,25,17,0.0047524499658548325,3,381,0.8826836200918051,COMPLETE
52,247.1511287225622,2025-11-10 11:14:49.358054,2025-11-10 11:15:18.241759,0 days 00:00:28.883705,25,24,0.011991818784773478,2,553,0.4256641825445439,COMPLETE
53,265.91836211187075,2025-11-10 11:15:18.310997,2025-11-10 11:15:44.284506,0 days 00:00:25.973509,23,29,0.00783449355794487,5,120,0.7871994771953836,COMPLETE
54,238.37866455218128,2025-11-10 11:15:44.370288,2025-11-10 11:16:08.061483,0 days 00:00:23.691195,27,15,0.020459726616360186,3,339,0.9182270114873567,COMPLETE
55,327.7842693518752,2025-11-10 11:16:08.088532,2025-11-10 11:16:16.667126,0 days 00:00:08.578594,21,18,1.0065955920634478e-05,0,725,0.8585942769130057,COMPLETE
56,234.79591949382865,2025-11-10 11:16:16.707755,2025-11-10 11:16:35.217843,0 days 00:00:18.510088,29,28,0.0038098356291786763,1,446,0.9631157949638013,COMPLETE
57,269.860089245009,2025-11-10 11:16:35.259552,2025-11-10 11:17:03.667848,0 days 00:00:28.408296,17,20,0.47386777998049356,4,266,0.3771836252578733,COMPLETE
58,243.51970814393206,2025-11-10 11:17:03.704143,2025-11-10 11:17:34.365883,0 days 00:00:30.661740,10,24,0.002301141583200697,2,603,0.6162355407887184,COMPLETE
59,246.7249293016709,2025-11-10 11:17:34.440013,2025-11-10 11:17:46.776776,0 days 00:00:12.336763,24,13,0.011217664387820512,3,146,0.3118909342751664,COMPLETE
60,299.73267444984987,2025-11-10 11:17:46.953344,2025-11-10 11:17:59.422044,0 days 00:00:12.468700,29,14,0.006255951314261388,5,59,0.47691079701840655,COMPLETE
61,229.75106520888534,2025-11-10 11:17:59.486627,2025-11-10 11:19:14.183896,0 days 00:01:14.697269,26,20,0.005947366992460068,4,831,0.5341055946976165,COMPLETE
62,242.92237566492963,2025-11-10 11:19:14.212970,2025-11-10 11:19:48.656301,0 days 00:00:34.443331,26,16,0.005394158540918789,4,378,0.5173003088380772,COMPLETE
63,245.6352056044869,2025-11-10 11:19:48.683825,2025-11-10 11:20:43.262321,0 days 00:00:54.578496,27,20,0.02460285992957092,3,828,0.5465169074721086,COMPLETE
64,237.6660233072185,2025-11-10 11:20:43.288277,2025-11-10 11:21:46.856844,0 days 00:01:03.568567,4,22,0.013991209803099354,5,478,0.5724364693865607,COMPLETE
65,243.5063160853656,2025-11-10 11:21:46.883954,2025-11-10 11:22:41.645520,0 days 00:00:54.761566,22,18,0.035053617391704164,4,623,0.7397262681290364,COMPLETE
66,237.6142184789106,2025-11-10 11:22:41.691650,2025-11-10 11:23:29.716894,0 days 00:00:48.025244,25,26,0.003788068558407067,2,981,0.1335727396596515,COMPLETE
67,325.3863814727467,2025-11-10 11:23:29.744706,2025-11-10 11:38:46.259527,0 days 00:15:16.514821,23,29,3.0123820223156938e-05,12,309,0.5415440508693692,COMPLETE
68,246.28755605635357,2025-11-10 11:38:46.314905,2025-11-10 11:38:58.735965,0 days 00:00:12.421060,28,16,0.07556461211720922,6,35,0.4415606864953177,COMPLETE
69,241.38189314978496,2025-11-10 11:38:58.762439,2025-11-10 11:39:20.096635,0 days 00:00:21.334196,18,17,0.009259383034287399,4,206,0.68028791805307,COMPLETE
70,273.9611474864588,2025-11-10 11:39:20.141611,2025-11-10 11:39:31.525576,0 days 00:00:11.383965,26,14,0.0019133189134144814,1,382,0.8180726622999666,COMPLETE
71,236.17693579096346,2025-11-10 11:39:31.589921,2025-11-10 11:40:43.752409,0 days 00:01:12.162488,24,19,0.008380630564764261,4,847,0.6184822029686498,COMPLETE
72,230.39276374294158,2025-11-10 11:40:43.778736,2025-11-10 11:41:29.654865,0 days 00:00:45.876129,23,21,0.0064567438989026425,3,665,0.6123249272389699,COMPLETE
73,238.58455829885412,2025-11-10 11:41:29.695916,2025-11-10 11:42:08.275169,0 days 00:00:38.579253,24,20,0.017330157155918974,3,547,0.6393658020347535,COMPLETE
74,277.8237446532485,2025-11-10 11:42:08.498852,2025-11-10 11:42:40.007652,0 days 00:00:31.508800,20,21,0.0008424151770897895,2,670,0.5804562041794715,COMPLETE
75,227.6664135473342,2025-11-10 11:42:40.033310,2025-11-10 11:43:35.269579,0 days 00:00:55.236269,22,22,0.003135044745674927,3,804,0.9031837770163064,COMPLETE
76,228.49758892398782,2025-11-10 11:43:35.296742,2025-11-10 11:44:31.432736,0 days 00:00:56.135994,22,23,0.003240777463815857,3,797,0.9199069414497458,COMPLETE
77,229.2879471718105,2025-11-10 11:44:31.471146,2025-11-10 11:45:28.312026,0 days 00:00:56.840880,22,22,0.002751550487633639,3,861,0.9117366785611147,COMPLETE
78,294.55994009033395,2025-11-10 11:45:28.371697,2025-11-10 11:46:22.981530,0 days 00:00:54.609833,22,23,0.0004340549819560705,3,798,0.9035115538492634,COMPLETE
79,259.5651887749498,2025-11-10 11:46:23.056760,2025-11-10 11:48:35.008737,0 days 00:02:11.951977,21,24,0.0012258284938623087,5,983,0.9434499532605463,COMPLETE
80,233.09400920620615,2025-11-10 11:48:35.038020,2025-11-10 11:49:19.884022,0 days 00:00:44.846002,19,23,0.0031555676311697902,3,648,0.9744542609215925,COMPLETE
81,229.25246756044095,2025-11-10 11:49:19.936444,2025-11-10 11:50:00.461342,0 days 00:00:40.524898,23,22,0.004375184942012459,3,570,0.9240801158951585,COMPLETE
82,226.452923710162,2025-11-10 11:50:00.526605,2025-11-10 11:50:29.544481,0 days 00:00:29.017876,21,22,0.004525782582632115,2,567,0.920652885764132,COMPLETE
83,254.89342957490308,2025-11-10 11:50:29.624630,2025-11-10 11:50:57.429006,0 days 00:00:27.804376,21,22,0.0017813917410470597,2,558,0.9325270924441743,COMPLETE
84,229.5587895649363,2025-11-10 11:50:57.457253,2025-11-10 11:51:20.622442,0 days 00:00:23.165189,23,22,0.004203876237885154,1,868,0.8910349015862201,COMPLETE
85,231.19166647203548,2025-11-10 11:51:20.672462,2025-11-10 11:51:45.938485,0 days 00:00:25.266023,23,25,0.004238865604846217,1,889,0.8870061857530097,COMPLETE
86,231.71524589953128,2025-11-10 11:51:45.966002,2025-11-10 11:52:10.474098,0 days 00:00:24.508096,22,25,0.0026524516756162783,1,892,0.8768825244947589,COMPLETE
87,327.32012340987524,2025-11-10 11:52:10.503110,2025-11-10 11:52:19.701869,0 days 00:00:09.198759,23,22,0.004673421610971971,0,833,0.827010740878767,COMPLETE
88,254.20203559594262,2025-11-10 11:52:19.729751,2025-11-10 11:52:47.121047,0 days 00:00:27.391296,22,25,0.001051935484703351,1,996,0.9746546443691795,COMPLETE
89,228.93651373989368,2025-11-10 11:52:47.147463,2025-11-10 11:53:07.983775,0 days 00:00:20.836312,23,23,0.0038124051739758364,1,704,0.8879133209460098,COMPLETE
90,230.61036197917406,2025-11-10 11:53:08.042096,2025-11-10 11:53:42.083068,0 days 00:00:34.040972,20,23,0.0031561172425821796,2,696,0.9282495364891264,COMPLETE
91,230.87428929600682,2025-11-10 11:53:42.137456,2025-11-10 11:54:17.444145,0 days 00:00:35.306689,20,23,0.0030979066941928713,2,694,0.9211052029366157,COMPLETE
92,252.77692792219446,2025-11-10 11:54:17.477495,2025-11-10 11:54:51.887735,0 days 00:00:34.410240,20,21,0.001414031481117623,2,738,0.9455394621313565,COMPLETE
93,327.1290861359952,2025-11-10 11:54:51.937091,2025-11-10 11:55:00.980606,0 days 00:00:09.043515,23,24,0.0020092742069645992,0,607,0.8443028313015268,COMPLETE
94,230.4473603590099,2025-11-10 11:55:01.010331,2025-11-10 11:55:34.425244,0 days 00:00:33.414913,19,23,0.005700665174740928,2,690,0.901001429373331,COMPLETE
95,317.81741384465147,2025-11-10 11:55:34.458123,2025-11-10 11:55:42.161854,0 days 00:00:07.703731,19,22,0.0060906572651286415,1,14,0.8031655490340689,COMPLETE
96,244.5717316480067,2025-11-10 11:55:42.187861,2025-11-10 11:56:10.438197,0 days 00:00:28.250336,21,21,0.0024403713974403083,2,541,0.8988581693561173,COMPLETE
97,225.48204097059073,2025-11-10 11:56:10.513345,2025-11-10 11:57:02.262097,0 days 00:00:51.748752,24,20,0.004991602424421841,3,809,0.8720691857836008,COMPLETE
98,224.85439450113145,2025-11-10 11:57:02.290473,2025-11-10 11:57:51.939517,0 days 00:00:49.649044,24,20,0.004329170316082629,3,808,0.7823724787786794,COMPLETE
99,224.92883036990216,2025-11-10 11:57:51.967935,2025-11-10 11:58:43.055876,0 days 00:00:51.087941,24,20,0.003911357613377679,3,796,0.8666445801603246,COMPLETE
100,265.6039340084709,2025-11-10 11:58:43.094030,2025-11-10 11:59:05.007337,0 days 00:00:21.913307,24,20,0.000986263576403955,1,808,0.8672021961891482,COMPLETE
101,227.40118826553848,2025-11-10 11:59:05.042755,2025-11-10 12:00:00.929916,0 days 00:00:55.887161,25,22,0.004290410476701498,3,846,0.845977393249086,COMPLETE
102,227.11048003538258,2025-11-10 12:00:01.326724,2025-11-10 12:01:00.775512,0 days 00:00:59.448788,25,22,0.003780538091061454,3,897,0.8368446200828638,COMPLETE
103,259.78267497751045,2025-11-10 12:01:00.801879,2025-11-10 12:01:43.805321,0 days 00:00:43.003442,25,24,0.0015248163003264662,3,595,0.7815138142058743,COMPLETE
104,230.86635419569535,2025-11-10 12:01:43.861898,2025-11-10 12:02:33.020794,0 days 00:00:49.158896,24,19,0.003686513282733659,3,761,0.8361180719070214,COMPLETE
105,229.67333246271815,2025-11-10 12:02:33.059934,2025-11-10 12:03:38.646756,0 days 00:01:05.586822,22,22,0.0025235911135992003,3,991,0.8036312701706766,COMPLETE
106,228.20128286587928,2025-11-10 12:03:38.761566,2025-11-10 12:04:12.461899,0 days 00:00:33.700333,24,21,0.005085939674769858,3,482,0.865190354085937,COMPLETE
107,229.79123151337785,2025-11-10 12:04:12.497400,2025-11-10 12:04:54.142179,0 days 00:00:41.644779,25,26,0.0050210156601367805,3,507,0.8684155637194629,COMPLETE
108,275.9459593200277,2025-11-10 12:04:54.169063,2025-11-10 12:10:13.435073,0 days 00:05:19.266010,27,20,0.010504041013574664,10,418,0.7556788689791665,COMPLETE
109,247.01269208969046,2025-11-10 12:10:13.466429,2025-11-10 12:10:42.695343,0 days 00:00:29.228914,24,21,0.0020148624502305044,2,593,0.8429116709626213,COMPLETE
110,239.5060685225245,2025-11-10 12:10:43.096750,2025-11-10 12:11:16.581367,0 days 00:00:33.484617,26,19,0.003531695341609636,3,503,0.9653120440064349,COMPLETE
111,231.2069771095143,2025-11-10 12:11:16.610509,2025-11-10 12:12:08.114228,0 days 00:00:51.503719,24,21,0.002599070275694862,3,770,0.8569889136542033,COMPLETE
112,225.84553475614024,2025-11-10 12:12:08.232280,2025-11-10 12:12:53.881160,0 days 00:00:45.648880,22,22,0.004789937661120914,3,641,0.9139748957926661,COMPLETE
113,228.4399308858418,2025-11-10 12:12:53.997134,2025-11-10 12:13:58.568957,0 days 00:01:04.571823,25,24,0.007157158090883323,4,644,0.9537906331357514,COMPLETE
114,235.42443232957234,2025-11-10 12:13:58.622039,2025-11-10 12:14:31.907803,0 days 00:00:33.285764,25,24,0.00725133054640201,2,642,0.9892595078112689,COMPLETE
115,227.89068944394847,2025-11-10 12:14:31.981940,2025-11-10 12:15:44.120404,0 days 00:01:12.138464,25,23,0.005223603719073465,4,755,0.9522879602192212,COMPLETE
116,231.43315481528776,2025-11-10 12:15:44.149897,2025-11-10 12:17:04.864580,0 days 00:01:20.714683,26,20,0.007235835754597097,4,920,0.9558291253276775,COMPLETE
117,235.90940971799324,2025-11-10 12:17:04.926431,2025-11-10 12:18:39.967740,0 days 00:01:35.041309,27,27,0.012417724725971484,4,902,0.9481800114131548,COMPLETE
118,230.25680149602528,2025-11-10 12:18:40.012703,2025-11-10 12:19:16.117308,0 days 00:00:36.104605,24,24,0.00533874827924027,3,446,0.871072061714947,COMPLETE
119,250.01652446195823,2025-11-10 12:19:16.164739,2025-11-10 12:20:26.256674,0 days 00:01:10.091935,25,21,0.0016447572801566509,4,791,0.7738828561636085,COMPLETE
120,265.1442684856831,2025-11-10 12:20:26.343702,2025-11-10 12:20:41.470487,0 days 00:00:15.126785,25,23,0.009850098872731151,4,87,0.8144858299034091,COMPLETE
121,228.0705823406582,2025-11-10 12:20:41.499405,2025-11-10 12:21:32.005540,0 days 00:00:50.506135,24,23,0.004124368943292507,3,704,0.8835967975267146,COMPLETE
122,227.62882456163697,2025-11-10 12:21:32.047154,2025-11-10 12:22:18.487109,0 days 00:00:46.439955,24,23,0.0051475792280680594,3,650,0.982308596242295,COMPLETE
123,227.6886494367926,2025-11-10 12:22:18.525743,2025-11-10 12:23:04.503363,0 days 00:00:45.977620,26,22,0.005428727992644102,3,648,0.9746703230961928,COMPLETE
124,226.90589570894917,2025-11-10 12:23:04.559439,2025-11-10 12:23:44.036249,0 days 00:00:39.476810,26,22,0.004922368720248696,3,543,0.97050635955796,COMPLETE
125,227.66118129208198,2025-11-10 12:23:44.064189,2025-11-10 12:24:27.189935,0 days 00:00:43.125746,26,22,0.004924133392171384,3,560,0.9963980295075405,COMPLETE
126,253.00053874978175,2025-11-10 12:24:27.290734,2025-11-10 12:24:56.749600,0 days 00:00:29.458866,26,22,0.014902836728171706,2,558,0.9922149315015345,COMPLETE
127,320.5576065964638,2025-11-10 12:24:56.776694,2025-11-10 12:25:03.986615,0 days 00:00:07.209921,26,22,0.009093150469495236,3,7,0.9766855384211145,COMPLETE
128,264.8652918054132,2025-11-10 12:25:04.031224,2025-11-10 12:25:31.415511,0 days 00:00:27.384287,27,20,0.0022328919903803483,3,365,0.9816832224786115,COMPLETE
129,229.33507364986062,2025-11-10 12:25:31.460025,2025-11-10 12:26:12.393707,0 days 00:00:40.933682,28,19,0.005260081496661196,3,630,0.9375476054044048,COMPLETE
130,244.7541528925593,2025-11-10 12:26:12.420907,2025-11-10 12:26:36.406411,0 days 00:00:23.985504,26,25,0.0031538829151961534,2,409,0.9964704573082851,COMPLETE
131,227.51868223392867,2025-11-10 12:26:36.434515,2025-11-10 12:27:27.925429,0 days 00:00:51.490914,24,23,0.0047856179747204925,3,704,0.962578107451044,COMPLETE
132,229.71645278646147,2025-11-10 12:27:27.953396,2025-11-10 12:28:21.121596,0 days 00:00:53.168200,25,21,0.006574751628024213,3,751,0.964920337597724,COMPLETE
133,230.35588184961412,2025-11-10 12:28:21.232197,2025-11-10 12:29:01.037018,0 days 00:00:39.804821,27,22,0.004271054916393768,3,532,0.9388672008255142,COMPLETE
134,241.3007377260215,2025-11-10 12:29:01.089133,2025-11-10 12:29:42.084978,0 days 00:00:40.995845,26,23,0.008069483106739073,2,860,0.9071054036323803,COMPLETE
135,235.2367077208715,2025-11-10 12:29:42.178927,2025-11-10 12:30:42.191178,0 days 00:01:00.012251,23,22,0.0035330480084143547,4,610,0.9980334923289464,COMPLETE
136,230.9192529834035,2025-11-10 12:30:42.249887,2025-11-10 12:31:48.061516,0 days 00:01:05.811629,24,21,0.0056029271463005036,3,997,0.9701879134377145,COMPLETE
137,237.60948609271182,2025-11-10 12:31:48.089161,2025-11-10 12:32:12.867038,0 days 00:00:24.777877,25,4,0.0028074826393167302,3,711,0.9557787727697479,COMPLETE
138,228.64721137164616,2025-11-10 12:32:12.903811,2025-11-10 12:33:23.375772,0 days 00:01:10.471961,24,20,0.004814271825444215,4,776,0.9192095303232387,COMPLETE
139,246.45826844971475,2025-11-10 12:33:23.463498,2025-11-10 12:34:08.060559,0 days 00:00:44.597061,27,24,0.009959947228802892,2,886,0.9310679651494281,COMPLETE
140,256.07970333035985,2025-11-10 12:34:08.088870,2025-11-10 12:34:47.379049,0 days 00:00:39.290179,23,25,0.0020907076957351815,3,480,0.9753396101206854,COMPLETE
141,228.14119501519167,2025-11-10 12:34:47.411395,2025-11-10 12:35:37.049855,0 days 00:00:49.638460,24,23,0.004063225238730494,3,678,0.8893462472364629,COMPLETE
142,230.70945926498013,2025-11-10 12:35:37.079096,2025-11-10 12:36:19.445412,0 days 00:00:42.366316,26,23,0.004278956664904759,3,567,0.9111332560471234,COMPLETE
143,311.97075122823435,2025-11-10 12:36:19.487559,2025-11-10 12:36:28.817440,0 days 00:00:09.329881,25,23,0.006044768070770494,4,24,0.8364325035039994,COMPLETE
144,232.76014928611957,2025-11-10 12:36:28.845914,2025-11-10 12:37:19.025719,0 days 00:00:50.179805,22,22,0.002820019417693618,3,706,0.8830669619054857,COMPLETE
145,233.106990711744,2025-11-10 12:37:19.058139,2025-11-10 12:37:53.393066,0 days 00:00:34.334927,23,24,0.0076426734101577715,2,643,0.94591743022184,COMPLETE
146,225.83568437974182,2025-11-10 12:37:53.446055,2025-11-10 12:38:47.422155,0 days 00:00:53.976100,24,21,0.003444376035765982,3,796,0.9012855028226882,COMPLETE
147,229.05372027176742,2025-11-10 12:38:47.524073,2025-11-10 12:39:24.881038,0 days 00:00:37.356965,25,21,0.003555996408933939,2,820,0.8512436483408506,COMPLETE
148,226.86998288910405,2025-11-10 12:39:24.946511,2025-11-10 12:40:33.434202,0 days 00:01:08.487691,21,20,0.005425599261774599,4,745,0.9052795056227799,COMPLETE
149,274.3237125039909,2025-11-10 12:40:33.599452,2025-11-10 12:47:53.743910,0 days 00:07:20.144458,21,19,0.0021789056920485284,8,907,0.9033275966323513,COMPLETE
150,225.85401150101046,2025-11-10 12:47:53.772970,2025-11-10 12:48:36.790610,0 days 00:00:43.017640,22,20,0.0066195886030283166,3,593,0.924927564414745,COMPLETE
151,225.9069755672997,2025-11-10 12:48:36.819784,2025-11-10 12:49:17.753005,0 days 00:00:40.933221,22,20,0.0069601170584381875,3,583,0.9294135906375853,COMPLETE
152,231.8265184241048,2025-11-10 12:49:17.780772,2025-11-10 12:49:55.225902,0 days 00:00:37.445130,22,18,0.006714696493146194,3,573,0.9280312142944562,COMPLETE
153,229.3688037222383,2025-11-10 12:49:55.300676,2025-11-10 12:50:31.092821,0 days 00:00:35.792145,21,20,0.010778061457763928,3,506,0.908109895964431,COMPLETE
154,226.45712417140712,2025-11-10 12:50:31.143262,2025-11-10 12:51:25.845153,0 days 00:00:54.701891,22,20,0.0034871326205990275,3,808,0.8568723882472956,COMPLETE
155,224.27315603557972,2025-11-10 12:51:25.871984,2025-11-10 12:51:55.020267,0 days 00:00:29.148283,21,20,0.004428803928341214,2,589,0.8576409128711704,COMPLETE
156,237.19803223244693,2025-11-10 12:51:55.046221,2025-11-10 12:52:28.477671,0 days 00:00:33.431450,21,19,0.00821643451177234,2,737,0.8598116039788499,COMPLETE
157,231.22910802902842,2025-11-10 12:52:28.528854,2025-11-10 12:53:07.706503,0 days 00:00:39.177649,20,18,0.0038642231217878315,2,923,0.8289363994412493,COMPLETE
158,231.28720826779278,2025-11-10 12:53:07.738916,2025-11-10 12:53:38.406688,0 days 00:00:30.667772,22,20,0.0030371781488983994,2,614,0.8741235681095575,COMPLETE
159,226.21305247182698,2025-11-10 12:53:38.469165,2025-11-10 12:54:11.968243,0 days 00:00:33.499078,23,20,0.006961057636657727,3,452,0.8015642603026728,COMPLETE
160,227.3883320737628,2025-11-10 12:54:12.000924,2025-11-10 12:54:58.893907,0 days 00:00:46.892983,22,20,0.006826087555393217,4,490,0.8044504660827246,COMPLETE
161,226.0434512500094,2025-11-10 12:54:58.969701,2025-11-10 12:55:47.145074,0 days 00:00:48.175373,22,20,0.007256064740335227,4,487,0.817778900790803,COMPLETE
162,227.35517797384404,2025-11-10 12:55:47.171946,2025-11-10 12:56:28.862662,0 days 00:00:41.690716,22,20,0.013449023832481437,4,439,0.7220870024416841,COMPLETE
163,232.8481974968929,2025-11-10 12:56:28.892598,2025-11-10 12:57:25.770450,0 days 00:00:56.877852,20,19,0.013673547886663728,5,427,0.7324908940472139,COMPLETE
164,237.52078914861744,2025-11-10 12:57:25.817494,2025-11-10 12:58:11.311681,0 days 00:00:45.494187,22,19,0.017262882511537098,4,480,0.8094465383563054,COMPLETE
165,231.53219793979412,2025-11-10 12:58:11.339507,2025-11-10 12:59:04.212317,0 days 00:00:52.872810,21,20,0.022818249713846547,5,398,0.7590448659503377,COMPLETE
166,231.37271269090007,2025-11-10 12:59:04.256118,2025-11-10 12:59:36.958525,0 days 00:00:32.702407,23,18,0.010881004706430907,4,337,0.7926446528463374,COMPLETE
167,230.9301316183537,2025-11-10 12:59:37.020921,2025-11-10 13:00:21.584522,0 days 00:00:44.563601,21,20,0.008669650997266966,4,452,0.7907608453917756,COMPLETE
168,230.36498481416024,2025-11-10 13:00:21.613731,2025-11-10 13:01:13.640118,0 days 00:00:52.026387,22,21,0.0064180658557289405,4,518,0.7018335800682052,COMPLETE
169,231.43307054158305,2025-11-10 13:01:13.667226,2025-11-10 13:01:58.412633,0 days 00:00:44.745407,23,19,0.006796517227519078,4,459,0.8223300221386806,COMPLETE
170,228.57618732353336,2025-11-10 13:01:58.461671,2025-11-10 13:02:48.651686,0 days 00:00:50.190015,22,20,0.013341423774949946,4,523,0.8332886614604258,COMPLETE
171,256.90038083846355,2025-11-10 13:02:48.692715,2025-11-10 13:06:00.585980,0 days 00:03:11.893265,21,21,0.003864772405405459,7,584,0.8490216316539843,COMPLETE
172,236.45369357670216,2025-11-10 13:06:00.634361,2025-11-10 13:06:54.644891,0 days 00:00:54.010530,23,21,0.008690374953181005,3,803,0.8045018382951071,COMPLETE
173,229.23669914597502,2025-11-10 13:06:54.703897,2025-11-10 13:07:24.278976,0 days 00:00:29.575079,20,20,0.00653682190345783,3,390,0.7737737689828236,COMPLETE
174,237.02880543080437,2025-11-10 13:07:24.305794,2025-11-10 13:08:39.204422,0 days 00:01:14.898628,22,18,0.004562597683937511,5,612,0.8404217744833967,COMPLETE
175,226.30294815695146,2025-11-10 13:08:39.231470,2025-11-10 13:09:34.733067,0 days 00:00:55.501597,21,20,0.003447037227044506,3,843,0.8738570798036708,COMPLETE
176,246.530314009973,2025-11-10 13:09:34.852389,2025-11-10 13:10:12.169406,0 days 00:00:37.317017,21,20,0.0024470366575525134,3,537,0.8823290929826176,COMPLETE
177,325.2528567229659,2025-11-10 13:10:12.225794,2025-11-10 13:10:41.666264,0 days 00:00:29.440470,23,19,7.787672040546491e-05,4,287,0.8679586034660559,COMPLETE
178,228.34960999068016,2025-11-10 13:10:41.694643,2025-11-10 13:11:30.010663,0 days 00:00:48.316020,22,20,0.0034177143057923854,3,740,0.7404602929713832,COMPLETE
179,238.15613450908154,2025-11-10 13:11:30.039168,2025-11-10 13:12:13.876357,0 days 00:00:43.837189,21,21,0.0062152584678979985,2,979,0.8157567855277522,COMPLETE
180,249.70278242867502,2025-11-10 13:12:13.928621,2025-11-10 13:12:45.617149,0 days 00:00:31.688528,19,19,0.0029530251218839814,3,438,0.8570409693921385,COMPLETE
181,225.933270084048,2025-11-10 13:12:45.646484,2025-11-10 13:13:40.024036,0 days 00:00:54.377552,20,20,0.004410218118448072,3,842,0.8263117392790368,COMPLETE
182,227.59757394624944,2025-11-10 13:13:40.053071,2025-11-10 13:14:34.540047,0 days 00:00:54.486976,20,20,0.005496350655593725,3,829,0.788988921938215,COMPLETE
183,230.41501716888274,2025-11-10 13:14:34.591117,2025-11-10 13:15:19.828243,0 days 00:00:45.237126,22,21,0.007905713282634046,3,670,0.8944938116262603,COMPLETE
184,234.30253180407664,2025-11-10 13:15:19.897394,2025-11-10 13:16:23.677545,0 days 00:01:03.780151,15,18,0.0037946957125870027,4,762,0.8235070255298523,COMPLETE
185,228.13365647654405,2025-11-10 13:16:23.726461,2025-11-10 13:17:19.977841,0 days 00:00:56.251380,20,19,0.004679734651450201,3,882,0.8713758035843973,COMPLETE
186,235.20272084901762,2025-11-10 13:17:20.012995,2025-11-10 13:18:06.155478,0 days 00:00:46.142483,21,21,0.009973034512567728,3,655,0.8381430160233275,COMPLETE
187,253.4328891271917,2025-11-10 13:18:06.184251,2025-11-10 13:18:34.304489,0 days 00:00:28.120238,23,20,0.001793920929738223,2,573,0.8043272757361226,COMPLETE
188,231.46788703615462,2025-11-10 13:18:34.332095,2025-11-10 13:19:40.624696,0 days 00:01:06.292601,22,19,0.005867361675416489,4,722,0.8531565652608101,COMPLETE
189,225.90108767588563,2025-11-10 13:19:40.652347,2025-11-10 13:20:43.889178,0 days 00:01:03.236831,23,20,0.003361566156685351,3,994,0.8944315466413173,COMPLETE
190,227.21489865059363,2025-11-10 13:20:43.917126,2025-11-10 13:21:27.034975,0 days 00:00:43.117849,23,21,0.0024727631630109513,2,990,0.8949150044121723,COMPLETE
191,228.66995822691905,2025-11-10 13:21:27.061853,2025-11-10 13:22:07.884881,0 days 00:00:40.823028,23,21,0.0024899033523785455,2,883,0.892849251875531,COMPLETE
192,228.24251848917206,2025-11-10 13:22:07.927567,2025-11-10 13:22:48.630029,0 days 00:00:40.702462,2,20,0.0032152021341534205,2,957,0.9244898787945764,COMPLETE
193,225.86835483687545,2025-11-10 13:22:48.656704,2025-11-10 13:23:44.234432,0 days 00:00:55.577728,24,21,0.003485531600340801,3,822,0.9047647897140223,COMPLETE
194,229.0235894541567,2025-11-10 13:23:44.261218,2025-11-10 13:24:40.389441,0 days 00:00:56.128223,24,21,0.002680221931499169,3,822,0.9084666681155675,COMPLETE
195,228.5769019192312,2025-11-10 13:24:40.416512,2025-11-10 13:25:45.987407,0 days 00:01:05.570895,23,21,0.003392168931505098,3,989,0.8822824300106028,COMPLETE
196,248.2493506769897,2025-11-10 13:25:46.015702,2025-11-10 13:26:44.412206,0 days 00:00:58.396504,23,21,0.0014513189759568894,3,865,0.9146101621273888,COMPLETE
197,229.5251833179581,2025-11-10 13:26:44.453734,2025-11-10 13:27:27.684698,0 days 00:00:43.230964,24,19,0.004122606741503616,2,998,0.8869945525105245,COMPLETE
198,237.12258526981455,2025-11-10 13:27:27.711536,2025-11-10 13:28:22.532882,0 days 00:00:54.821346,21,22,0.0021635491588747344,3,788,0.930519825548369,COMPLETE
199,229.0208704063321,2025-11-10 13:28:22.560082,2025-11-10 13:28:58.636250,0 days 00:00:36.076168,8,21,0.00457735999616821,2,753,0.866912165955212,COMPLETE
200,235.75333993037253,2025-11-10 13:28:58.686531,2025-11-10 13:29:57.312974,0 days 00:00:58.626443,23,20,0.0033583024399463533,3,894,0.228977984220969,COMPLETE
201,225.91477087594794,2025-11-10 13:29:57.352627,2025-11-10 13:30:43.605999,0 days 00:00:46.253372,22,20,0.0051669433175832455,3,687,0.8997519660612637,COMPLETE
202,224.8569950481031,2025-11-10 13:30:43.665586,2025-11-10 13:31:31.114226,0 days 00:00:47.448640,24,20,0.005107691188681438,3,709,0.9047178936971171,COMPLETE
203,227.9209813789816,2025-11-10 13:31:31.157133,2025-11-10 13:32:16.018326,0 days 00:00:44.861193,24,19,0.005372344987333687,3,675,0.9091759598621946,COMPLETE
204,225.7871645303281,2025-11-10 13:32:16.045052,2025-11-10 13:33:00.729702,0 days 00:00:44.684650,21,20,0.0048318972385345054,3,685,0.9310694309937293,COMPLETE
205,225.2672777695876,2025-11-10 13:33:00.763806,2025-11-10 13:33:44.998429,0 days 00:00:44.234623,21,20,0.00442851500301989,3,659,0.9350033559131561,COMPLETE
206,226.14888486754907,2025-11-10 13:33:45.025011,2025-11-10 13:34:31.862449,0 days 00:00:46.837438,21,20,0.005679371272982623,3,679,0.9216579383848258,COMPLETE
207,227.06632348142017,2025-11-10 13:34:31.889198,2025-11-10 13:35:14.846619,0 days 00:00:42.957421,20,20,0.004237832431467793,3,640,0.9392705970989274,COMPLETE
208,229.62791407810772,2025-11-10 13:35:14.873630,2025-11-10 13:36:00.547290,0 days 00:00:45.673660,21,18,0.0068154640572033656,3,692,0.9274535044248894,COMPLETE
209,233.2046731444595,2025-11-10 13:36:00.581849,2025-11-10 13:36:41.360821,0 days 00:00:40.778972,19,19,0.003943882143026136,3,614,0.9173409122837431,COMPLETE
210,231.22669219477567,2025-11-10 13:36:41.389088,2025-11-10 13:37:33.091332,0 days 00:00:51.702244,22,20,0.007615923963069777,3,771,0.940979663777187,COMPLETE
211,226.20466358223885,2025-11-10 13:37:33.120525,2025-11-10 13:38:23.016939,0 days 00:00:49.896414,21,20,0.005714364415811118,3,718,0.9029416288178091,COMPLETE
212,228.8232495290011,2025-11-10 13:38:23.044571,2025-11-10 13:39:08.175454,0 days 00:00:45.130883,21,19,0.005368963902760332,3,689,0.8954297954163599,COMPLETE
213,226.99213412285204,2025-11-10 13:39:08.205863,2025-11-10 13:39:52.767515,0 days 00:00:44.561652,20,20,0.004691515439239608,3,628,0.8760626259799602,COMPLETE
214,232.09726772929713,2025-11-10 13:39:52.795548,2025-11-10 13:40:45.055966,0 days 00:00:52.260418,22,19,0.003339344743247316,3,802,0.9189772227648335,COMPLETE
215,226.58708492049246,2025-11-10 13:40:45.100691,2025-11-10 13:41:26.747352,0 days 00:00:41.646661,21,20,0.006852731726591585,3,584,0.8970626107043518,COMPLETE
216,227.27785775021326,2025-11-10 13:41:26.775669,2025-11-10 13:42:14.205279,0 days 00:00:47.429610,21,21,0.005867028253033843,3,685,0.8657550591395082,COMPLETE
217,226.6027213962945,2025-11-10 13:42:14.233016,2025-11-10 13:43:08.036385,0 days 00:00:53.803369,22,20,0.0040141318171105535,3,814,0.9332329117453478,COMPLETE
218,233.87022719332222,2025-11-10 13:43:08.067457,2025-11-10 13:43:55.882997,0 days 00:00:47.815540,22,19,0.007862241798579169,3,717,0.8802221045897264,COMPLETE
219,238.97206356805367,2025-11-10 13:43:55.910603,2025-11-10 13:44:34.260737,0 days 00:00:38.350134,18,18,0.003063735260651524,3,590,0.9112565403539769,COMPLETE
220,225.76133756659118,2025-11-10 13:44:34.290019,2025-11-10 13:45:27.500907,0 days 00:00:53.210888,23,20,0.004755015317964351,3,785,0.9508037342614093,COMPLETE
221,225.59194604073772,2025-11-10 13:45:27.528352,2025-11-10 13:46:20.927925,0 days 00:00:53.399573,23,20,0.004728051056869764,3,818,0.9559058678469767,COMPLETE
222,225.3723881921163,2025-11-10 13:46:20.974829,2025-11-10 13:47:11.341775,0 days 00:00:50.366946,24,20,0.005150083647755692,3,738,0.9489223723011605,COMPLETE
223,225.44758849533977,2025-11-10 13:47:11.370655,2025-11-10 13:48:00.679163,0 days 00:00:49.308508,24,20,0.00560738043673312,3,742,0.9498720525630587,COMPLETE
224,228.8015673450046,2025-11-10 13:48:00.745785,2025-11-10 13:48:47.782624,0 days 00:00:47.036839,24,19,0.006057779461845085,3,718,0.9507346014050895,COMPLETE
225,225.3946218456296,2025-11-10 13:48:47.809736,2025-11-10 13:49:37.739099,0 days 00:00:49.929363,24,20,0.005185277893403364,3,754,0.9533449262762373,COMPLETE
226,296.6922239296062,2025-11-10 13:49:37.764801,2025-11-10 13:49:49.003089,0 days 00:00:11.238288,24,21,0.005002952350143087,3,64,0.9556486726372364,COMPLETE
227,233.6322863235161,2025-11-10 13:49:49.030763,2025-11-10 13:50:40.772317,0 days 00:00:51.741554,24,20,0.009013223593574793,3,772,0.9421591671046043,COMPLETE
228,228.0853580644412,2025-11-10 13:50:40.801202,2025-11-10 13:51:25.578347,0 days 00:00:44.777145,23,21,0.005022404985008925,3,646,0.95605137835031,COMPLETE
229,232.38719998017086,2025-11-10 13:51:25.608717,2025-11-10 13:52:21.318252,0 days 00:00:55.709535,23,19,0.005860676225607243,3,881,0.9349758825826624,COMPLETE
230,224.17291076077512,2025-11-10 13:52:21.346684,2025-11-10 13:53:11.138853,0 days 00:00:49.792169,24,20,0.004233103430077442,3,740,0.9588365029389543,COMPLETE
231,224.41171219177005,2025-11-10 13:53:11.166053,2025-11-10 13:54:02.960944,0 days 00:00:51.794891,24,20,0.004725899971056423,3,742,0.9552032265877186,COMPLETE
232,224.00246459023714,2025-11-10 13:54:02.988890,2025-11-10 13:54:54.363818,0 days 00:00:51.374928,24,20,0.004230140684196135,3,766,0.960837655478864,COMPLETE
233,225.71090946149258,2025-11-10 13:54:54.413348,2025-11-10 13:55:48.267546,0 days 00:00:53.854198,24,21,0.004209468945668992,3,800,0.9675275906580094,COMPLETE
234,225.8248831166954,2025-11-10 13:55:48.310954,2025-11-10 13:56:44.158152,0 days 00:00:55.847198,24,21,0.004077787988803421,3,801,0.9646967115525649,COMPLETE
235,225.6773948824579,2025-11-10 13:56:44.204993,2025-11-10 13:57:38.062153,0 days 00:00:53.857160,24,21,0.004205423121587539,3,776,0.9671158431153976,COMPLETE
236,225.69702265853917,2025-11-10 13:57:38.144163,2025-11-10 13:58:32.226469,0 days 00:00:54.082306,24,21,0.0039022061729838105,3,791,0.9691261637406462,COMPLETE
237,228.32196475326228,2025-11-10 13:58:32.256026,2025-11-10 13:59:26.546847,0 days 00:00:54.290821,24,21,0.0030084426279068724,3,784,0.9706003864928827,COMPLETE
238,226.60500711352466,2025-11-10 13:59:26.574998,2025-11-10 14:00:26.610138,0 days 00:01:00.035140,24,21,0.0037496110929733464,3,892,0.981295165817032,COMPLETE
239,227.39675466405976,2025-11-10 14:00:26.653130,2025-11-10 14:01:19.910018,0 days 00:00:53.256888,25,21,0.004200265218362604,3,768,0.9555437017501839,COMPLETE
240,227.1854474846908,2025-11-10 14:01:19.976894,2025-11-10 14:02:20.391403,0 days 00:01:00.414509,24,21,0.0029099867060297527,3,888,0.9683564553768405,COMPLETE
241,226.898812313682,2025-11-10 14:02:20.470328,2025-11-10 14:03:13.690620,0 days 00:00:53.220292,25,21,0.004137805870302407,3,785,0.9585414721972116,COMPLETE
242,226.3695959235069,2025-11-10 14:03:13.753663,2025-11-10 14:04:05.782657,0 days 00:00:52.028994,24,21,0.004143389068942975,3,756,0.9849876716669803,COMPLETE
243,224.6738418169328,2025-11-10 14:04:05.855940,2025-11-10 14:04:59.370120,0 days 00:00:53.514180,25,20,0.0035726623547389343,3,841,0.9435043911350015,COMPLETE
244,231.07781642553695,2025-11-10 14:04:59.416125,2025-11-10 14:05:54.828469,0 days 00:00:55.412344,25,19,0.0030462862799687587,3,859,0.9462112017488438,COMPLETE
245,228.20117978683373,2025-11-10 14:05:54.855746,2025-11-10 14:06:55.187359,0 days 00:01:00.331613,24,21,0.002644643256998916,3,901,0.9693306109275537,COMPLETE
246,226.75263554626127,2025-11-10 14:06:55.216418,2025-11-10 14:07:51.556020,0 days 00:00:56.339602,25,22,0.0036400551789913024,3,807,0.9603789391620594,COMPLETE
247,224.53636253253975,2025-11-10 14:07:51.586344,2025-11-10 14:08:39.800540,0 days 00:00:48.214196,24,20,0.004848444480283904,3,727,0.9470574965635001,COMPLETE
248,325.6046479555534,2025-11-10 14:08:39.833131,2025-11-10 14:09:28.886999,0 days 00:00:49.053868,25,20,1.7975796564890007e-05,3,712,0.9855847101236066,COMPLETE
249,227.51400258342164,2025-11-10 14:09:28.965247,2025-11-10 14:10:17.466327,0 days 00:00:48.501080,24,19,0.004613960753954459,3,743,0.9427126806944026,COMPLETE
250,226.07277790996312,2025-11-10 14:10:17.495367,2025-11-10 14:11:04.542160,0 days 00:00:47.046793,24,22,0.004657349620533887,3,648,0.9511794211433753,COMPLETE
251,225.97659849177975,2025-11-10 14:11:04.589187,2025-11-10 14:12:00.048680,0 days 00:00:55.459493,24,21,0.0039399833216993045,3,811,0.9974902209603651,COMPLETE
252,268.5736197881982,2025-11-10 14:12:00.077067,2025-11-10 14:20:35.520909,0 days 00:08:35.443842,25,20,0.004946171149956649,9,724,0.9700537949430331,COMPLETE
253,234.1588636586658,2025-11-10 14:20:35.550049,2025-11-10 14:21:08.915979,0 days 00:00:33.365930,24,21,0.002706058099758235,2,652,0.9408182645919081,COMPLETE
254,228.43467992669463,2025-11-10 14:21:08.944634,2025-11-10 14:22:03.842439,0 days 00:00:54.897805,24,19,0.003945588835342497,3,829,0.9632978861985096,COMPLETE
255,226.5306352847834,2025-11-10 14:22:03.869915,2025-11-10 14:22:54.403530,0 days 00:00:50.533615,25,20,0.005656856114464062,3,734,0.9330339032823133,COMPLETE
256,307.6903655292849,2025-11-10 14:22:54.447190,2025-11-10 14:23:02.569212,0 days 00:00:08.122022,24,11,0.004612967844153093,3,48,0.9803956084672283,COMPLETE
257,227.46070269769794,2025-11-10 14:23:02.611616,2025-11-10 14:24:06.452909,0 days 00:01:03.841293,23,22,0.0036484364819660844,3,907,0.9533068676035468,COMPLETE
258,227.62913652468538,2025-11-10 14:24:06.514692,2025-11-10 14:24:52.289932,0 days 00:00:45.775240,25,21,0.005947957864418258,3,659,0.932877032318342,COMPLETE
259,230.74426444928343,2025-11-10 14:24:52.319107,2025-11-10 14:25:29.769168,0 days 00:00:37.450061,24,20,0.002254065919673988,2,820,0.9649191566930115,COMPLETE
260,233.6915314937311,2025-11-10 14:25:29.799139,2025-11-10 14:26:17.723402,0 days 00:00:47.924263,23,19,0.003194979579819956,3,721,0.9460567804648704,COMPLETE
261,310.19575066823484,2025-11-10 14:26:17.780223,2025-11-10 14:26:27.770200,0 days 00:00:09.989977,25,20,0.0049246523568514345,3,35,0.998907565318586,COMPLETE
262,226.96235981222208,2025-11-10 14:26:27.797956,2025-11-10 14:27:12.435499,0 days 00:00:44.637543,23,21,0.006496360314660225,3,635,0.9312104174411455,COMPLETE
263,229.16999826788887,2025-11-10 14:27:12.462808,2025-11-10 14:28:27.231622,0 days 00:01:14.768814,24,20,0.003802764196205922,4,789,0.9623219079062095,COMPLETE
264,229.24371257314175,2025-11-10 14:28:27.300823,2025-11-10 14:29:09.395120,0 days 00:00:42.094297,25,22,0.004557726916533751,2,898,0.9792509868211897,COMPLETE
265,237.23606040666408,2025-11-10 14:29:09.458410,2025-11-10 14:29:55.213440,0 days 00:00:45.755030,24,19,0.002654899687629163,3,712,0.9245702666617691,COMPLETE
266,294.96084609305774,2025-11-10 14:29:55.257144,2025-11-10 15:02:25.348673,0 days 00:32:30.091529,23,21,0.00562050196803579,12,827,0.9472261147553473,COMPLETE
267,231.29451653967618,2025-11-10 15:02:25.424431,2025-11-10 15:03:06.721605,0 days 00:00:41.297174,25,19,0.007651627452911016,3,625,0.9218775714792741,COMPLETE
268,227.25512554973898,2025-11-10 15:03:06.797782,2025-11-10 15:03:58.359949,0 days 00:00:51.562167,23,20,0.003283142109951011,3,761,0.9769520160700093,COMPLETE
269,227.2265424071051,2025-11-10 15:03:58.402643,2025-11-10 15:05:00.294684,0 days 00:01:01.892041,24,21,0.004314787355351988,3,910,0.9503821902614925,COMPLETE
270,226.53339848857746,2025-11-10 15:05:00.341700,2025-11-10 15:05:33.464234,0 days 00:00:33.122534,24,20,0.00609154738643053,2,687,0.9143993698009127,COMPLETE
271,240.19585644577893,2025-11-10 15:05:33.507977,2025-11-10 15:06:53.535863,0 days 00:01:20.027886,23,22,0.0021214640604264824,4,823,0.9389604090997874,COMPLETE
272,228.3893864817071,2025-11-10 15:06:53.565829,2025-11-10 15:07:37.211912,0 days 00:00:43.646083,25,20,0.0035931612446225935,3,620,0.9637427046320569,COMPLETE
273,283.63794710932916,2025-11-10 15:07:37.241726,2025-11-10 15:07:50.222856,0 days 00:00:12.981130,24,18,0.004920628406709714,3,111,0.9785127303772893,COMPLETE
274,233.09294213678186,2025-11-10 15:07:50.262419,2025-11-10 15:08:42.109568,0 days 00:00:51.847149,23,21,0.008317654745326903,3,726,0.9201509593548778,COMPLETE
275,225.970915318282,2025-11-10 15:08:42.153937,2025-11-10 15:09:23.917734,0 days 00:00:41.763797,13,20,0.003050463099666414,2,928,0.9467239950454358,COMPLETE
276,229.618995968748,2025-11-10 15:09:23.947599,2025-11-10 15:10:13.638297,0 days 00:00:49.690698,25,19,0.004284035513794126,3,752,0.963413897485946,COMPLETE
277,227.04612310372963,2025-11-10 15:10:13.671550,2025-11-10 15:11:14.021187,0 days 00:01:00.349637,24,21,0.006388496424069555,4,594,0.9368000013850177,COMPLETE
278,233.64324725105206,2025-11-10 15:11:14.087918,2025-11-10 15:12:06.696276,0 days 00:00:52.608358,11,19,0.0027027266847447096,3,834,0.9834952126905234,COMPLETE
279,227.97415894460664,2025-11-10 15:12:06.737645,2025-11-10 15:12:55.967216,0 days 00:00:49.229571,23,22,0.005215173523117093,3,680,0.9995017795733597,COMPLETE
280,225.35335623548204,2025-11-10 15:12:55.996107,2025-11-10 15:13:51.778502,0 days 00:00:55.782395,24,21,0.0038083012597089536,3,792,0.9123468534410728,COMPLETE
281,229.24490416749276,2025-11-10 15:13:51.808666,2025-11-10 15:14:24.541441,0 days 00:00:32.732775,23,20,0.007120087995643342,2,674,0.9557556485427058,COMPLETE
282,226.82713870271056,2025-11-10 15:14:24.584754,2025-11-10 15:15:04.711668,0 days 00:00:40.126914,24,20,0.004328744734609969,3,558,0.9205671849882994,COMPLETE
283,231.93519923048285,2025-11-10 15:15:04.747707,2025-11-10 15:16:11.668471,0 days 00:01:06.920764,26,21,0.005374775154983455,3,987,0.9348379630122438,COMPLETE
284,281.9472066341936,2025-11-10 15:16:11.722566,2025-11-10 15:16:31.483016,0 days 00:00:19.760450,25,19,0.0036535726767902422,4,160,0.9710452712075908,COMPLETE
285,225.34697301203602,2025-11-10 15:16:31.541407,2025-11-10 15:17:23.044758,0 days 00:00:51.503351,25,20,0.004863194204629738,3,755,0.9505281434900325,COMPLETE
286,302.8691935460515,2025-11-10 15:17:23.090775,2025-11-10 15:33:45.850711,0 days 00:16:22.759936,26,22,0.0018989825131231403,11,761,0.9537284827742916,COMPLETE
287,326.9510495551146,2025-11-10 15:33:45.882637,2025-11-10 15:33:54.381650,0 days 00:00:08.499013,25,20,0.0026498279318722187,0,880,0.9858171328015998,COMPLETE
288,226.8086804741225,2025-11-10 15:33:54.430539,2025-11-10 15:34:28.222337,0 days 00:00:33.791798,24,18,0.004244524973324056,2,773,0.9444261344894137,COMPLETE
289,231.0111124077961,2025-11-10 15:34:28.250878,2025-11-10 15:35:16.309916,0 days 00:00:48.059038,16,21,0.00321588165873528,3,692,0.9692837340478669,COMPLETE
290,321.3712544517147,2025-11-10 15:35:16.349710,2025-11-10 15:35:24.369112,0 days 00:00:08.019402,25,19,0.004929429381626469,3,12,0.9158984402254756,COMPLETE
291,227.29767097712153,2025-11-10 15:35:24.462709,2025-11-10 15:36:22.153886,0 days 00:00:57.691177,24,21,0.0038977324138958253,3,847,0.6620068539006179,COMPLETE
292,228.57976358889232,2025-11-10 15:36:22.183177,2025-11-10 15:37:21.845884,0 days 00:00:59.662707,23,20,0.005618367895020324,3,900,0.9546229376486205,COMPLETE
293,240.6859648530458,2025-11-10 15:37:21.877135,2025-11-10 15:37:57.991066,0 days 00:00:36.113931,26,21,0.0086846513495538,2,746,0.9373410312577468,COMPLETE
294,328.64380016630037,2025-11-10 15:37:58.036275,2025-11-10 15:38:24.964813,0 days 00:00:26.928538,25,7,0.3983599923617706,3,654,0.9685070057677826,COMPLETE
295,226.97766639156097,2025-11-10 15:38:25.020729,2025-11-10 15:39:17.272881,0 days 00:00:52.252152,24,20,0.0030630679182487804,3,781,0.9059203383737835,COMPLETE
296,227.48593011537932,2025-11-10 15:39:17.308272,2025-11-10 15:40:53.937225,0 days 00:01:36.628953,24,22,0.0047249081877694605,4,996,0.9801954364072969,COMPLETE
297,225.14946166204237,2025-11-10 15:40:53.984797,2025-11-10 15:41:42.658321,0 days 00:00:48.673524,25,20,0.0039341967316232716,3,713,0.9324065883835294,COMPLETE
298,236.5536115105977,2025-11-10 15:41:42.722918,2025-11-10 15:42:38.160782,0 days 00:00:55.437864,25,19,0.002348892056488576,3,824,0.9401172480336908,COMPLETE
299,226.08310090390697,2025-11-10 15:42:38.198104,2025-11-10 15:43:27.505630,0 days 00:00:49.307526,25,20,0.003534743988973584,3,706,0.9582981651788264,COMPLETE
300,307.5036765932981,2025-11-10 15:43:27.548037,2025-11-10 15:44:49.865708,0 days 00:01:22.317671,26,19,0.00024343958933324645,4,905,0.929005516771168,COMPLETE
301,228.96904260239216,2025-11-10 15:44:49.914776,2025-11-10 15:45:25.338150,0 days 00:00:35.423374,24,20,0.006222464275325836,2,756,0.985751585030491,COMPLETE
302,319.05230411263085,2025-11-10 15:45:25.368716,2025-11-10 15:45:33.286716,0 days 00:00:07.918000,25,21,0.004177514910468626,3,18,0.9526840604590052,COMPLETE
303,257.54360014302677,2025-11-10 15:45:33.328844,2025-11-10 15:46:22.468322,0 days 00:00:49.139478,24,18,0.1201619833667796,3,789,0.9269715419451441,COMPLETE
304,230.1607025150629,2025-11-10 15:46:22.509405,2025-11-10 15:47:05.064821,0 days 00:00:42.555416,25,20,0.0031794796813296,3,624,0.9983275249447242,COMPLETE
305,233.69073561850647,2025-11-10 15:47:05.094983,2025-11-10 15:47:59.589343,0 days 00:00:54.494360,24,19,0.0025531961216162646,3,860,0.9661195271820814,COMPLETE
306,243.18404069479288,2025-11-10 15:47:59.654720,2025-11-10 15:51:51.636186,0 days 00:03:51.981466,26,21,0.005269605322115824,7,699,0.90870648604147,COMPLETE
307,316.6987600924048,2025-11-10 15:51:51.675786,2025-11-10 15:52:01.926505,0 days 00:00:10.250719,23,20,0.0037757643361962926,4,30,0.9446122611040251,COMPLETE
308,236.02335172880652,2025-11-10 15:52:01.955648,2025-11-10 15:52:39.963096,0 days 00:00:38.007448,25,17,0.006286916286100891,2,909,0.9730792811446358,COMPLETE
309,226.13167134294432,2025-11-10 15:52:40.011408,2025-11-10 15:53:32.484689,0 days 00:00:52.473281,24,21,0.004577865543162939,3,744,0.9328742574442742,COMPLETE
310,226.42475030963865,2025-11-10 15:53:32.527508,2025-11-10 15:54:18.537686,0 days 00:00:46.010178,23,20,0.0037819218779564243,3,667,0.8982357945521819,COMPLETE
311,235.13535943043726,2025-11-10 15:54:18.567689,2025-11-10 15:55:09.653004,0 days 00:00:51.085315,25,18,0.007075872322648653,3,788,0.9541477977345496,COMPLETE
312,238.59894079641236,2025-11-10 15:55:09.701449,2025-11-10 15:55:51.070789,0 days 00:00:41.369340,24,19,0.0029603847973554754,3,598,0.9157003546067561,COMPLETE
313,244.6636580777412,2025-11-10 15:55:51.100713,2025-11-10 15:57:09.191459,0 days 00:01:18.090746,23,21,0.0019175386525693968,4,821,0.9506883815641344,COMPLETE
314,228.16032625457598,2025-11-10 15:57:09.241529,2025-11-10 15:58:13.743580,0 days 00:01:04.502051,24,20,0.005249436981479462,3,998,0.8858916774517493,COMPLETE
315,230.30527844039935,2025-11-10 15:58:13.779761,2025-11-10 16:00:33.091322,0 days 00:02:19.311561,26,20,0.010460012035903347,6,706,0.9794974399290804,COMPLETE
316,227.1041111521591,2025-11-10 16:00:33.144322,2025-11-10 16:01:12.138377,0 days 00:00:38.994055,25,20,0.0041794177643936,2,867,0.9324150957558186,COMPLETE
317,230.7409749602437,2025-11-10 16:01:12.179352,2025-11-10 16:01:54.298700,0 days 00:00:42.119348,23,19,0.008069468770984703,3,634,0.9662715998671054,COMPLETE
318,228.46284579653178,2025-11-10 16:01:54.360519,2025-11-10 16:02:46.922069,0 days 00:00:52.561550,24,22,0.005397649309972699,3,738,0.9207991130273524,COMPLETE
319,230.07673428003358,2025-11-10 16:02:46.976449,2025-11-10 16:03:44.306017,0 days 00:00:57.329568,24,21,0.002560958875953335,3,828,0.9500809241115178,COMPLETE
320,229.28748297944495,2025-11-10 16:03:44.335691,2025-11-10 16:04:04.908124,0 days 00:00:20.572433,25,21,0.0034588211156849806,1,679,0.982506728298927,COMPLETE
321,324.3758458711442,2025-11-10 16:04:04.942016,2025-11-10 16:04:12.049482,0 days 00:00:07.107466,23,20,0.006329957194223514,3,6,0.14392133367602755,COMPLETE
322,236.47375662896556,2025-11-10 16:04:12.088501,2025-11-10 16:04:37.843935,0 days 00:00:25.755434,24,19,0.0045845218128626195,2,554,0.3524293768516904,COMPLETE
323,275.8200159100624,2025-11-10 16:04:37.888199,2025-11-10 16:05:57.997327,0 days 00:01:20.109128,25,19,0.8253715427134887,4,904,0.9332514786688624,COMPLETE
324,228.03153489217829,2025-11-10 16:05:58.027461,2025-11-10 16:06:49.396566,0 days 00:00:51.369105,26,20,0.0030752029452218318,3,761,0.962431959552484,COMPLETE
325,236.47869484787748,2025-11-10 16:06:49.426775,2025-11-10 16:07:33.669957,0 days 00:00:44.243182,24,21,0.0038289522265457262,3,624,0.28530376156155285,COMPLETE
326,228.17832247825672,2025-11-10 16:07:33.698476,2025-11-10 16:08:51.326164,0 days 00:01:17.627688,23,21,0.005304393118089644,4,813,0.8968312972715107,COMPLETE
327,231.2871035307549,2025-11-10 16:08:51.355022,2025-11-10 16:09:49.325724,0 days 00:00:57.970702,6,20,0.007248992261243458,3,929,0.9407179994256359,COMPLETE
328,226.44446065818602,2025-11-10 16:09:49.354642,2025-11-10 16:10:22.771496,0 days 00:00:33.416854,25,20,0.004535355342106034,2,703,0.9629787839477276,COMPLETE
329,237.12169726843385,2025-11-10 16:10:22.824957,2025-11-10 16:11:18.647223,0 days 00:00:55.822266,23,22,0.002239450648294153,3,754,0.9987878037818547,COMPLETE
330,229.0341112478415,2025-11-10 16:11:18.698695,2025-11-10 16:12:12.823375,0 days 00:00:54.124680,24,19,0.0036501597216038587,3,832,0.9174612929029857,COMPLETE
331,297.41066764188383,2025-11-10 16:12:12.854847,2025-11-10 16:12:23.336438,0 days 00:00:10.481591,26,21,0.005815286994167039,3,55,0.9461275082800439,COMPLETE
332,240.72196373570765,2025-11-10 16:12:23.365675,2025-11-10 16:13:04.013328,0 days 00:00:40.647653,24,19,0.0027971454645274326,3,595,0.8859531485366594,COMPLETE
333,258.28097737590605,2025-11-10 16:13:04.041305,2025-11-10 16:13:21.187635,0 days 00:00:17.146330,25,3,0.008865579751333915,2,681,0.9789366390224885,COMPLETE
334,309.8717437335712,2025-11-10 16:13:21.215675,2025-11-10 16:13:30.591151,0 days 00:00:09.375476,23,20,0.004417266316458743,3,42,0.9111895888840976,COMPLETE
335,228.26332146392377,2025-11-10 16:13:30.621186,2025-11-10 16:14:57.359356,0 days 00:01:26.738170,24,21,0.003366872353203195,4,906,0.931878014218561,COMPLETE
336,228.65299813073452,2025-11-10 16:14:57.388885,2025-11-10 16:15:48.172003,0 days 00:00:50.783118,18,20,0.0060503820042123934,3,756,0.9601520013286925,COMPLETE
337,227.83605156332652,2025-11-10 16:15:48.213652,2025-11-10 16:16:22.049583,0 days 00:00:33.835931,25,22,0.004807253048197389,2,658,0.9453079606423683,COMPLETE
338,233.41164018557856,2025-11-10 16:16:22.077377,2025-11-10 16:17:14.266947,0 days 00:00:52.189570,23,18,0.0070427265812820355,3,835,0.9808658956817324,COMPLETE
339,234.82831767598714,2025-11-10 16:17:14.306503,2025-11-10 16:17:52.949150,0 days 00:00:38.642647,24,19,0.0037508402771323883,3,543,0.9065115998050908,COMPLETE
340,225.18340568898716,2025-11-10 16:17:52.978113,2025-11-10 16:18:58.784152,0 days 00:01:05.806039,25,20,0.0026711628624157577,3,999,0.9234202615217404,COMPLETE
341,252.69152195787464,2025-11-10 16:18:58.812650,2025-11-10 16:19:23.016393,0 days 00:00:24.203743,25,20,0.20393851062967278,4,201,0.9316913512445543,COMPLETE
342,241.45751144058573,2025-11-10 16:19:23.288260,2025-11-10 16:20:23.629653,0 days 00:01:00.341393,27,19,0.00167983555897228,3,955,0.9627089282435312,COMPLETE
343,231.2253871326944,2025-11-10 16:20:23.660310,2025-11-10 16:21:27.832335,0 days 00:01:04.172025,26,20,0.002125430100421636,3,968,0.9462857412437379,COMPLETE
344,230.62267096564105,2025-11-10 16:21:27.860877,2025-11-10 16:22:21.107154,0 days 00:00:53.246277,25,17,0.004990017352058838,3,878,0.9999679016099592,COMPLETE
345,238.74600267651567,2025-11-10 16:22:21.136792,2025-11-10 16:23:05.038349,0 days 00:00:43.901557,24,9,0.0026235765378564385,3,997,0.9217858927339349,COMPLETE
346,229.34587856632265,2025-11-10 16:23:05.066718,2025-11-10 16:23:40.298883,0 days 00:00:35.232165,26,21,0.0029705635500360175,2,730,0.9662451912868063,COMPLETE
347,248.05944658968806,2025-11-10 16:23:40.327575,2025-11-10 16:24:09.160222,0 days 00:00:28.832647,25,1,0.0043045482751413455,4,806,0.9398519243606953,COMPLETE
348,229.99845697937613,2025-11-10 16:24:09.186962,2025-11-10 16:24:51.302907,0 days 00:00:42.115945,23,19,0.00605652109410006,3,646,0.9793632644080279,COMPLETE
349,273.19492514339606,2025-11-10 16:24:51.330667,2025-11-10 16:25:03.206833,0 days 00:00:11.876166,24,20,0.008613009841452543,3,77,0.955060959284154,COMPLETE
350,225.34502855597322,2025-11-10 16:25:03.233748,2025-11-10 16:25:37.946927,0 days 00:00:34.713179,24,20,0.0037257528313890177,2,730,0.9215097789996569,COMPLETE
351,244.25444000272734,2025-11-10 16:25:38.034797,2025-11-10 16:26:07.387373,0 days 00:00:29.352576,25,19,0.0023916125177649737,2,588,0.8830533411695476,COMPLETE
352,231.77128412185766,2025-11-10 16:26:07.415829,2025-11-10 16:26:39.226376,0 days 00:00:31.810547,23,18,0.003153415865325429,2,694,0.9245373692192547,COMPLETE
353,229.08027991531503,2025-11-10 16:26:39.255294,2025-11-10 16:27:00.228354,0 days 00:00:20.973060,24,20,0.00535470357089555,1,744,0.9042427810607941,COMPLETE
354,231.44920681965124,2025-11-10 16:27:00.255748,2025-11-10 16:27:40.516627,0 days 00:00:40.260879,26,20,0.003802334542720221,2,897,0.4064274442463879,COMPLETE
355,231.3839967661273,2025-11-10 16:27:40.545915,2025-11-10 16:28:10.919882,0 days 00:00:30.373967,25,18,0.006769904991860281,2,652,0.8959567679153779,COMPLETE
356,226.18428899166838,2025-11-10 16:28:10.947740,2025-11-10 16:28:49.803349,0 days 00:00:38.855609,23,20,0.0044071719863158975,2,824,0.9189239868103338,COMPLETE
357,230.51989310166732,2025-11-10 16:28:49.832494,2025-11-10 16:29:53.346151,0 days 00:01:03.513657,24,19,0.00298790002811314,3,998,0.9381226526811796,COMPLETE
358,232.3352916169043,2025-11-10 16:29:53.374546,2025-11-10 16:30:13.370233,0 days 00:00:19.995687,25,19,0.005456085907832855,1,710,0.8792375759366644,COMPLETE
359,259.4953105168742,2025-11-10 16:30:13.412106,2025-11-10 16:31:09.246846,0 days 00:00:55.834740,23,20,0.001816519621387897,4,589,0.9189111835344939,COMPLETE
360,246.51788771330297,2025-11-10 16:31:09.274820,2025-11-10 16:37:49.146227,0 days 00:06:39.871407,24,21,0.0074343913043903856,8,765,0.8584383033768028,COMPLETE
361,229.21299464800308,2025-11-10 16:37:49.201198,2025-11-10 16:38:38.340281,0 days 00:00:49.139083,24,15,0.0036197741290014316,3,833,0.9468062487567593,COMPLETE
362,230.00349295961263,2025-11-10 16:38:38.367859,2025-11-10 16:39:17.134263,0 days 00:00:38.766404,25,20,0.009904469588918555,3,521,0.9317477603524266,COMPLETE
363,227.45558019027675,2025-11-10 16:39:17.162736,2025-11-10 16:39:49.456106,0 days 00:00:32.293370,23,21,0.0047279443509175975,2,646,0.9087572508071403,COMPLETE
364,232.47719368761904,2025-11-10 16:39:49.483561,2025-11-10 16:40:37.264673,0 days 00:00:47.781112,26,13,0.002840422085699225,3,886,0.9710825382484198,COMPLETE
365,230.03490517438695,2025-11-10 16:40:37.294802,2025-11-10 16:41:23.355890,0 days 00:00:46.061088,24,19,0.0038001086377096945,3,706,0.947236769256096,COMPLETE
366,227.9579930368057,2025-11-10 16:41:23.385037,2025-11-10 16:42:15.598713,0 days 00:00:52.213676,25,20,0.005869894372051666,3,769,0.9263637992358139,COMPLETE
367,228.0516729167727,2025-11-10 16:42:15.661943,2025-11-10 16:43:39.257335,0 days 00:01:23.595392,23,21,0.004690097534875892,4,884,0.9589836918687934,COMPLETE
368,266.2600721753778,2025-11-10 16:43:39.286564,2025-11-10 16:44:08.531024,0 days 00:00:29.244460,17,19,0.0012878170330221277,2,610,0.9836866410029843,COMPLETE
369,228.8727278664378,2025-11-10 16:44:08.559787,2025-11-10 16:44:57.145284,0 days 00:00:48.585497,24,20,0.0033634322464616505,3,723,0.4708213648698538,COMPLETE
370,324.5770828810588,2025-11-10 16:44:57.173305,2025-11-10 16:45:04.767386,0 days 00:00:07.594081,25,21,0.0023751027064059485,3,9,0.9040179693842051,COMPLETE
371,238.93248441467102,2025-11-10 16:45:04.849211,2025-11-10 16:45:42.735564,0 days 00:00:37.886353,27,22,0.007327771965635013,2,797,0.9436314039172221,COMPLETE
372,225.3920728625482,2025-11-10 16:45:42.794633,2025-11-10 16:46:30.576718,0 days 00:00:47.782085,24,20,0.005437312450236714,3,693,0.8784703595607861,COMPLETE
373,233.77766785617268,2025-11-10 16:46:30.604832,2025-11-10 16:47:35.134186,0 days 00:01:04.529354,30,19,0.005458447723138212,3,998,0.8571646399594053,COMPLETE
374,228.912284377795,2025-11-10 16:47:35.203294,2025-11-10 16:48:56.125812,0 days 00:01:20.922518,24,21,0.004008763502068076,4,853,0.8840042540992072,COMPLETE
375,225.6054912052344,2025-11-10 16:48:56.171112,2025-11-10 16:49:36.793404,0 days 00:00:40.622292,23,20,0.006405676642113925,3,573,0.8808356777596555,COMPLETE
376,229.05792333068962,2025-11-10 16:49:36.831844,2025-11-10 16:50:14.272948,0 days 00:00:37.441104,25,20,0.007917638783062278,3,520,0.8828311594687229,COMPLETE
377,231.8966052191252,2025-11-10 16:50:14.313521,2025-11-10 16:50:53.312754,0 days 00:00:38.999233,14,18,0.010836322021176526,3,593,0.850214116238574,COMPLETE
378,229.06414166343234,2025-11-10 16:50:53.339817,2025-11-10 16:51:45.575058,0 days 00:00:52.235241,24,20,0.006596694307889992,4,567,0.6322044963541898,COMPLETE
379,225.85869767925251,2025-11-10 16:51:45.605273,2025-11-10 16:52:32.554314,0 days 00:00:46.949041,24,21,0.005995916735950234,3,647,0.8696254983167846,COMPLETE
380,230.68663625039622,2025-11-10 16:52:32.581623,2025-11-10 16:53:20.335293,0 days 00:00:47.753670,26,20,0.0029652342525424186,3,701,0.8925714368643685,COMPLETE
381,230.24757724141278,2025-11-10 16:53:20.362775,2025-11-10 16:53:48.176480,0 days 00:00:27.813705,23,22,0.007985133756259857,2,534,0.8583232030220779,COMPLETE
382,251.537124952968,2025-11-10 16:53:48.205313,2025-11-10 16:57:06.446292,0 days 00:03:18.240979,25,19,0.004150707780401002,7,639,0.8776079666114049,COMPLETE
383,240.8076789842887,2025-11-10 16:57:06.474438,2025-11-10 16:57:56.805068,0 days 00:00:50.330630,24,21,0.0020575202172662065,3,735,0.8432419706916766,COMPLETE
384,234.1040847409071,2025-11-10 16:57:57.028182,2025-11-10 16:58:53.607908,0 days 00:00:56.579726,23,19,0.00573045905476283,3,899,0.5963064068518388,COMPLETE
385,241.1881235041216,2025-11-10 16:58:53.636135,2025-11-10 16:59:29.035423,0 days 00:00:35.399288,25,20,0.009578352366101012,2,774,0.8999603968813419,COMPLETE
386,228.62681521450776,2025-11-10 16:59:29.064625,2025-11-10 17:00:15.172144,0 days 00:00:46.107519,24,21,0.003464475344404284,3,666,0.8630135486293596,COMPLETE
387,227.93267000633165,2025-11-10 17:00:15.199094,2025-11-10 17:00:59.675664,0 days 00:00:44.476570,26,22,0.004600465405076522,3,608,0.915091384137509,COMPLETE
388,230.47873802807447,2025-11-10 17:00:59.704222,2025-11-10 17:02:13.496650,0 days 00:01:13.792428,23,18,0.006250646247582779,4,836,0.892455331000796,COMPLETE
389,235.66322384121494,2025-11-10 17:02:13.525201,2025-11-10 17:03:15.740304,0 days 00:01:02.215103,24,29,0.0025072536350574104,3,717,0.8736857515320569,COMPLETE
390,326.9510494579255,2025-11-10 17:03:15.804020,2025-11-10 17:03:24.695662,0 days 00:00:08.891642,25,20,0.00374349412853963,0,875,0.9126335446322046,COMPLETE
391,229.0478955282903,2025-11-10 17:03:24.728935,2025-11-10 17:03:51.174433,0 days 00:00:26.445498,24,19,0.004837496023460512,2,547,0.9712503402053306,COMPLETE
392,227.50122985972862,2025-11-10 17:03:51.226883,2025-11-10 17:04:42.839059,0 days 00:00:51.612176,25,20,0.003020462724173443,3,767,0.9291020126525742,COMPLETE
393,227.86067765939939,2025-11-10 17:04:42.885510,2025-11-10 17:05:29.275504,0 days 00:00:46.389994,23,21,0.006504819221718975,3,659,0.9846128558025238,COMPLETE
394,226.97215720957988,2025-11-10 17:05:29.314759,2025-11-10 17:06:31.952974,0 days 00:01:02.638215,22,20,0.004157046274334528,3,935,0.6877539236179905,COMPLETE
395,228.5135510727595,2025-11-10 17:06:31.982234,2025-11-10 17:07:23.640939,0 days 00:00:51.658705,24,19,0.005208368730562325,3,804,0.9594444595038262,COMPLETE
396,229.04385123552214,2025-11-10 17:07:23.669224,2025-11-10 17:07:57.500528,0 days 00:00:33.831304,25,21,0.003423895280855171,2,711,0.8978277688191674,COMPLETE
397,229.5845994274843,2025-11-10 17:07:57.537676,2025-11-10 17:08:40.558562,0 days 00:00:43.020886,23,20,0.00853310182832392,3,605,0.9402258160753383,COMPLETE
398,229.4119978414754,2025-11-10 17:08:40.587805,2025-11-10 17:09:37.208488,0 days 00:00:56.620683,24,21,0.0026493066421333566,3,827,0.9669495236186866,COMPLETE
399,271.2740444135176,2025-11-10 17:09:37.237595,2025-11-10 17:09:46.689979,0 days 00:00:09.452384,26,20,0.005205152852426922,1,137,0.5621685195447047,COMPLETE
