number,value,datetime_start,datetime_complete,duration,params_criterion,params_lags,params_lags_past_covariates,params_min_samples_leaf,params_min_samples_split,params_n_estimators,params_usar_max_depth,state
0,19790.254405167037,2025-11-15 15:44:42.356353,2025-11-15 15:45:07.716408,0 days 00:00:25.360055,poisson,28,2,11,45,475,False,COMPLETE
1,18430.221569691395,2025-11-15 15:45:07.757822,2025-11-15 15:45:14.355206,0 days 00:00:06.597384,friedman_mse,1,2,17,18,18,False,COMPLETE
2,17525.75477053134,2025-11-15 15:45:14.375643,2025-11-15 15:46:07.872248,0 days 00:00:53.496605,squared_error,9,24,16,26,638,True,COMPLETE
3,16251.981733168815,2025-11-15 15:46:07.884489,2025-11-15 15:46:42.368146,0 days 00:00:34.483657,absolute_error,9,11,14,26,160,False,COMPLETE
4,12425.806907105949,2025-11-15 15:46:42.380272,2025-11-15 15:46:52.763825,0 days 00:00:10.383553,poisson,25,27,4,14,44,True,COMPLETE
5,17387.940024600153,2025-11-15 15:46:52.775505,2025-11-15 15:47:00.032510,0 days 00:00:07.257005,squared_error,26,29,19,25,19,False,COMPLETE
6,14473.497912943212,2025-11-15 15:47:00.096953,2025-11-15 15:48:16.043333,0 days 00:01:15.946380,poisson,26,17,8,24,863,False,COMPLETE
7,19020.450923907494,2025-11-15 15:48:16.058640,2025-11-15 15:48:45.845643,0 days 00:00:29.787003,poisson,3,29,14,37,255,False,COMPLETE
8,17709.878423084687,2025-11-15 15:48:45.914911,2025-11-15 15:49:14.046305,0 days 00:00:28.131394,friedman_mse,17,10,7,35,388,False,COMPLETE
9,26270.955732126335,2025-11-15 15:49:14.058509,2025-11-15 15:50:02.076045,0 days 00:00:48.017536,absolute_error,8,8,15,63,329,True,COMPLETE
10,11829.040579224706,2025-11-15 15:50:02.094060,2025-11-15 15:50:13.745549,0 days 00:00:11.651489,poisson,18,21,1,10,54,True,COMPLETE
11,11919.27598883364,2025-11-15 15:50:13.845639,2025-11-15 15:50:24.965537,0 days 00:00:11.119898,poisson,19,21,1,10,54,True,COMPLETE
12,11967.684391681521,2025-11-15 15:50:24.977085,2025-11-15 15:50:37.449425,0 days 00:00:12.472340,poisson,19,20,1,10,66,True,COMPLETE
13,11915.054969720968,2025-11-15 15:50:37.531495,2025-11-15 15:50:48.458932,0 days 00:00:10.927437,poisson,20,20,1,10,39,True,COMPLETE
14,13030.0869152113,2025-11-15 15:50:48.470521,2025-11-15 15:50:57.321577,0 days 00:00:08.851056,poisson,22,16,5,15,34,True,COMPLETE
15,28139.94550012115,2025-11-15 15:50:57.398375,2025-11-15 15:51:04.720099,0 days 00:00:07.321724,poisson,13,23,3,84,10,True,COMPLETE
16,13715.007437548018,2025-11-15 15:51:04.732796,2025-11-15 15:51:16.618051,0 days 00:00:11.885255,squared_error,14,13,10,13,105,True,COMPLETE
17,12443.315980242482,2025-11-15 15:51:16.683248,2025-11-15 15:51:30.985930,0 days 00:00:14.302682,friedman_mse,21,19,6,10,113,True,COMPLETE
18,13298.814585921336,2025-11-15 15:51:31.090339,2025-11-15 15:51:50.305965,0 days 00:00:19.215626,absolute_error,13,24,3,17,30,True,COMPLETE
19,11934.96578742096,2025-11-15 15:51:50.377528,2025-11-15 15:52:13.417178,0 days 00:00:23.039650,poisson,23,14,1,12,172,True,COMPLETE
20,14132.668432732418,2025-11-15 15:52:13.465639,2025-11-15 15:52:21.846220,0 days 00:00:08.380581,poisson,30,6,10,20,69,True,COMPLETE
21,11914.247535688939,2025-11-15 15:52:21.884868,2025-11-15 15:52:34.046741,0 days 00:00:12.161873,poisson,18,21,1,10,56,True,COMPLETE
22,11682.103867986738,2025-11-15 15:52:34.087355,2025-11-15 15:52:43.388677,0 days 00:00:09.301322,poisson,17,18,3,12,28,True,COMPLETE
23,11781.253802904794,2025-11-15 15:52:43.400379,2025-11-15 15:52:52.344677,0 days 00:00:08.944298,poisson,16,25,3,12,26,True,COMPLETE
24,11627.212950467096,2025-11-15 15:52:52.411593,2025-11-15 15:53:00.927323,0 days 00:00:08.515730,poisson,16,26,3,12,20,True,COMPLETE
25,13893.418091656087,2025-11-15 15:53:00.983035,2025-11-15 15:53:08.130868,0 days 00:00:07.147833,poisson,15,26,8,20,10,True,COMPLETE
26,12655.535964738514,2025-11-15 15:53:08.198387,2025-11-15 15:53:16.563155,0 days 00:00:08.364768,squared_error,11,26,4,13,19,True,COMPLETE
27,13105.79676982252,2025-11-15 15:53:16.591748,2025-11-15 15:53:25.769937,0 days 00:00:09.178189,friedman_mse,6,30,3,17,25,True,COMPLETE
28,12230.653109749335,2025-11-15 15:53:25.781905,2025-11-15 15:53:37.738729,0 days 00:00:11.956824,absolute_error,16,17,6,12,16,True,COMPLETE
29,19748.973352281137,2025-11-15 15:53:37.778806,2025-11-15 15:53:45.315654,0 days 00:00:07.536848,poisson,11,23,11,49,15,True,COMPLETE
30,12931.020904423796,2025-11-15 15:53:45.402568,2025-11-15 15:53:52.798230,0 days 00:00:07.395662,poisson,16,27,5,16,12,True,COMPLETE
31,11719.809733985643,2025-11-15 15:53:52.817910,2025-11-15 15:54:01.189935,0 days 00:00:08.372025,poisson,17,18,3,12,25,True,COMPLETE
32,12265.057529224461,2025-11-15 15:54:01.204079,2025-11-15 15:54:09.768050,0 days 00:00:08.563971,poisson,16,15,3,12,26,True,COMPLETE
33,14144.879939762444,2025-11-15 15:54:09.882445,2025-11-15 15:54:17.810620,0 days 00:00:07.928175,poisson,12,18,4,20,23,True,COMPLETE
34,13012.447610980114,2025-11-15 15:54:17.842511,2025-11-15 15:54:24.116115,0 days 00:00:06.273604,poisson,23,2,2,15,13,False,COMPLETE
35,12321.666985137339,2025-11-15 15:54:24.190490,2025-11-15 15:54:33.879189,0 days 00:00:09.688699,friedman_mse,14,23,5,12,38,True,COMPLETE
36,12667.730482068026,2025-11-15 15:54:33.939650,2025-11-15 15:54:42.164006,0 days 00:00:08.224356,squared_error,20,25,7,14,18,True,COMPLETE
37,14486.1343604427,2025-11-15 15:54:42.199669,2025-11-15 15:54:49.564147,0 days 00:00:07.364478,poisson,10,12,12,21,23,False,COMPLETE
38,18158.40374674414,2025-11-15 15:54:49.591667,2025-11-15 15:55:05.753189,0 days 00:00:16.161522,absolute_error,17,28,19,18,31,True,COMPLETE
39,14230.756400688726,2025-11-15 15:55:05.766327,2025-11-15 15:55:17.286431,0 days 00:00:11.520104,poisson,24,22,8,23,86,False,COMPLETE
40,15083.989269189773,2025-11-15 15:55:17.302993,2025-11-15 15:55:25.699987,0 days 00:00:08.396994,poisson,7,18,2,28,45,True,COMPLETE
41,11766.958986756996,2025-11-15 15:55:25.744393,2025-11-15 15:55:36.365126,0 days 00:00:10.620733,poisson,18,25,2,11,49,True,COMPLETE
42,11494.050207145297,2025-11-15 15:55:36.456717,2025-11-15 15:55:44.558891,0 days 00:00:08.102174,poisson,18,25,2,11,21,True,COMPLETE
43,11665.889103493562,2025-11-15 15:55:44.634778,2025-11-15 15:55:53.709099,0 days 00:00:09.074321,poisson,18,28,2,11,20,True,COMPLETE
44,12253.835016461775,2025-11-15 15:55:53.722473,2025-11-15 15:56:01.596258,0 days 00:00:07.873785,poisson,20,28,4,14,14,True,COMPLETE
45,11556.087474506483,2025-11-15 15:56:01.687743,2025-11-15 15:56:11.240980,0 days 00:00:09.553237,poisson,14,30,2,11,20,False,COMPLETE
46,11906.603690226506,2025-11-15 15:56:11.253649,2025-11-15 15:56:19.518993,0 days 00:00:08.265344,squared_error,14,30,2,11,19,False,COMPLETE
47,17248.018020806634,2025-11-15 15:56:19.593795,2025-11-15 15:56:27.486511,0 days 00:00:07.892716,poisson,1,28,17,11,12,False,COMPLETE
48,12770.212293780569,2025-11-15 15:56:27.541294,2025-11-15 15:56:36.412233,0 days 00:00:08.870939,friedman_mse,19,30,6,14,20,False,COMPLETE
49,20218.934853636652,2025-11-15 15:56:36.436249,2025-11-15 15:56:45.312514,0 days 00:00:08.876265,poisson,21,27,4,52,35,False,COMPLETE
50,18679.4923869409,2025-11-15 15:56:45.356908,2025-11-15 16:02:54.551151,0 days 00:06:09.194243,absolute_error,15,29,2,39,971,False,COMPLETE
51,11617.638679080996,2025-11-15 16:02:54.637859,2025-11-15 16:03:02.229285,0 days 00:00:07.591426,poisson,17,26,5,11,16,True,COMPLETE
52,11909.866298477105,2025-11-15 16:03:02.328500,2025-11-15 16:03:10.171202,0 days 00:00:07.842702,poisson,18,27,5,11,15,True,COMPLETE
53,12342.772944076201,2025-11-15 16:03:10.237546,2025-11-15 16:04:24.793267,0 days 00:01:14.555721,poisson,13,24,2,13,641,True,COMPLETE
54,12573.449157953113,2025-11-15 16:04:24.959726,2025-11-15 16:04:32.337449,0 days 00:00:07.377723,poisson,21,26,1,15,10,False,COMPLETE
55,28378.998058465542,2025-11-15 16:04:32.352745,2025-11-15 16:04:39.880397,0 days 00:00:07.527652,poisson,19,29,4,98,29,True,COMPLETE
56,11567.721006034319,2025-11-15 16:04:39.917332,2025-11-15 16:04:47.389123,0 days 00:00:07.471791,poisson,15,10,1,10,21,True,COMPLETE
57,11694.41296476764,2025-11-15 16:04:47.448486,2025-11-15 16:04:54.557446,0 days 00:00:07.108960,poisson,12,9,1,10,21,True,COMPLETE
58,11752.997952421547,2025-11-15 16:04:54.628010,2025-11-15 16:05:01.646631,0 days 00:00:07.018621,poisson,15,7,2,11,18,True,COMPLETE
59,11646.712046616545,2025-11-15 16:05:01.658296,2025-11-15 16:05:09.028308,0 days 00:00:07.370012,squared_error,14,11,1,10,16,False,COMPLETE
60,12538.22250288955,2025-11-15 16:05:09.096853,2025-11-15 16:05:16.388607,0 days 00:00:07.291754,squared_error,14,13,1,13,16,False,COMPLETE
61,11268.681721315616,2025-11-15 16:05:16.414218,2025-11-15 16:05:23.673025,0 days 00:00:07.258807,squared_error,17,10,1,10,12,False,COMPLETE
62,11738.922933450402,2025-11-15 16:05:23.685136,2025-11-15 16:05:30.389330,0 days 00:00:06.704194,squared_error,12,11,1,10,12,False,COMPLETE
63,11370.897581240302,2025-11-15 16:05:30.454269,2025-11-15 16:05:37.335865,0 days 00:00:06.881596,squared_error,9,6,3,10,11,False,COMPLETE
64,12814.970004115292,2025-11-15 16:05:37.348483,2025-11-15 16:05:43.678954,0 days 00:00:06.330471,squared_error,5,4,3,13,11,False,COMPLETE
65,12287.860906994,2025-11-15 16:05:43.811105,2025-11-15 16:05:50.467597,0 days 00:00:06.656492,squared_error,10,6,4,11,13,False,COMPLETE
66,11678.96787229698,2025-11-15 16:05:50.518546,2025-11-15 16:06:07.990085,0 days 00:00:17.471539,squared_error,9,9,3,10,184,False,COMPLETE
67,12686.763242779562,2025-11-15 16:06:08.002704,2025-11-15 16:06:14.496312,0 days 00:00:06.493608,squared_error,17,5,6,14,10,False,COMPLETE
68,13210.253561371635,2025-11-15 16:06:14.563620,2025-11-15 16:06:20.806345,0 days 00:00:06.242725,squared_error,15,2,3,16,22,False,COMPLETE
69,18005.172720581635,2025-11-15 16:06:20.871278,2025-11-15 16:06:27.486377,0 days 00:00:06.615099,friedman_mse,8,3,20,11,14,False,COMPLETE
70,16230.948712528732,2025-11-15 16:06:27.500210,2025-11-15 16:06:34.457707,0 days 00:00:06.957497,squared_error,19,7,13,12,17,False,COMPLETE
71,11330.48524147696,2025-11-15 16:06:34.496097,2025-11-15 16:06:41.102029,0 days 00:00:06.605932,squared_error,13,11,1,10,11,False,COMPLETE
72,11039.159083621136,2025-11-15 16:06:41.114630,2025-11-15 16:06:47.707531,0 days 00:00:06.592901,squared_error,13,10,2,10,11,False,COMPLETE
73,11044.020604674664,2025-11-15 16:06:47.767204,2025-11-15 16:06:54.312903,0 days 00:00:06.545699,squared_error,13,10,1,10,11,False,COMPLETE
74,11155.733414966326,2025-11-15 16:06:54.339319,2025-11-15 16:07:00.847006,0 days 00:00:06.507687,squared_error,11,10,1,10,11,False,COMPLETE
75,10924.384921989946,2025-11-15 16:07:00.859280,2025-11-15 16:07:07.219908,0 days 00:00:06.360628,squared_error,11,8,2,10,11,False,COMPLETE
76,10928.612111611943,2025-11-15 16:07:07.232419,2025-11-15 16:07:13.617698,0 days 00:00:06.385279,squared_error,11,8,1,10,11,False,COMPLETE
77,10928.61211161195,2025-11-15 16:07:13.726727,2025-11-15 16:07:21.144099,0 days 00:00:07.417372,squared_error,11,8,1,10,11,False,COMPLETE
78,12585.14440851103,2025-11-15 16:07:21.157261,2025-11-15 16:07:27.858647,0 days 00:00:06.701386,squared_error,11,9,1,13,11,False,COMPLETE
79,11434.408364676414,2025-11-15 16:07:27.871489,2025-11-15 16:07:34.724634,0 days 00:00:06.853145,squared_error,10,8,1,10,13,False,COMPLETE
80,11960.244908176564,2025-11-15 16:07:34.737379,2025-11-15 16:07:41.543237,0 days 00:00:06.805858,squared_error,12,12,2,12,10,False,COMPLETE
81,11838.280113929952,2025-11-15 16:07:41.556040,2025-11-15 16:07:48.183510,0 days 00:00:06.627470,squared_error,9,10,1,10,11,False,COMPLETE
82,25777.211063898383,2025-11-15 16:07:48.291817,2025-11-15 16:07:54.652226,0 days 00:00:06.360409,squared_error,11,8,1,70,12,False,COMPLETE
83,11487.441708366157,2025-11-15 16:07:54.676282,2025-11-15 16:08:01.597478,0 days 00:00:06.921196,squared_error,10,11,2,10,14,False,COMPLETE
84,12588.068672609832,2025-11-15 16:08:01.639632,2025-11-15 16:08:08.149670,0 days 00:00:06.510038,squared_error,8,6,3,13,11,False,COMPLETE
85,17350.289461453445,2025-11-15 16:08:08.289470,2025-11-15 16:08:15.381561,0 days 00:00:07.092091,squared_error,13,7,2,32,13,False,COMPLETE
86,11959.362912480181,2025-11-15 16:08:15.393523,2025-11-15 16:08:22.384758,0 days 00:00:06.991235,squared_error,9,12,1,12,10,False,COMPLETE
87,13151.713165448202,2025-11-15 16:08:22.471394,2025-11-15 16:08:29.630146,0 days 00:00:07.158752,squared_error,7,14,9,10,12,False,COMPLETE
88,12075.938380735011,2025-11-15 16:08:29.643298,2025-11-15 16:08:36.386392,0 days 00:00:06.743094,squared_error,12,9,2,12,15,False,COMPLETE
89,11354.736334523435,2025-11-15 16:08:36.446353,2025-11-15 16:08:43.209235,0 days 00:00:06.762882,squared_error,13,10,3,11,11,False,COMPLETE
90,11332.802287332179,2025-11-15 16:08:43.240239,2025-11-15 16:08:50.303513,0 days 00:00:07.063274,squared_error,13,8,4,11,14,False,COMPLETE
91,11332.802287332179,2025-11-15 16:08:50.393261,2025-11-15 16:08:57.347688,0 days 00:00:06.954427,squared_error,13,8,4,11,14,False,COMPLETE
92,11614.341061906702,2025-11-15 16:08:57.425188,2025-11-15 16:09:04.338295,0 days 00:00:06.913107,squared_error,11,8,4,11,14,False,COMPLETE
93,12951.30118198358,2025-11-15 16:09:04.418111,2025-11-15 16:09:11.588887,0 days 00:00:07.170776,squared_error,13,8,2,14,17,False,COMPLETE
94,11104.01111559626,2025-11-15 16:09:11.628187,2025-11-15 16:09:18.239071,0 days 00:00:06.610884,squared_error,11,5,1,10,13,False,COMPLETE
95,10975.245654768787,2025-11-15 16:09:18.275617,2025-11-15 16:09:24.886198,0 days 00:00:06.610581,squared_error,11,5,1,10,10,False,COMPLETE
96,11184.935771988214,2025-11-15 16:09:24.978883,2025-11-15 16:09:31.522866,0 days 00:00:06.543983,squared_error,10,5,1,10,10,False,COMPLETE
97,11767.47987577639,2025-11-15 16:09:31.559648,2025-11-15 16:09:39.073716,0 days 00:00:07.514068,absolute_error,10,4,1,12,10,False,COMPLETE
98,12812.057809880804,2025-11-15 16:09:39.178615,2025-11-15 16:09:45.777514,0 days 00:00:06.598899,squared_error,11,5,2,15,12,False,COMPLETE
99,12129.294929512555,2025-11-15 16:09:45.790305,2025-11-15 16:10:09.930788,0 days 00:00:24.140483,squared_error,7,5,1,12,374,False,COMPLETE
100,16808.18007255509,2025-11-15 16:10:10.045035,2025-11-15 16:10:16.847635,0 days 00:00:06.802600,squared_error,12,4,2,27,13,False,COMPLETE
101,11244.864644692805,2025-11-15 16:10:16.941169,2025-11-15 16:10:23.860223,0 days 00:00:06.919054,squared_error,10,7,1,10,10,False,COMPLETE
102,11394.577431602642,2025-11-15 16:10:23.872113,2025-11-15 16:10:30.623520,0 days 00:00:06.751407,squared_error,10,7,1,10,12,False,COMPLETE
103,10965.467080900626,2025-11-15 16:10:30.711958,2025-11-15 16:10:37.314720,0 days 00:00:06.602762,squared_error,11,3,1,10,10,False,COMPLETE
104,12531.701130553309,2025-11-15 16:10:37.480838,2025-11-15 16:10:44.148790,0 days 00:00:06.667952,squared_error,11,3,2,13,10,False,COMPLETE
105,11681.431159489384,2025-11-15 16:10:44.160744,2025-11-15 16:10:53.106324,0 days 00:00:08.945580,squared_error,8,3,1,11,133,False,COMPLETE
106,11219.233204340311,2025-11-15 16:10:53.190914,2025-11-15 16:10:59.941296,0 days 00:00:06.750382,squared_error,12,5,2,10,10,False,COMPLETE
107,17860.58476544281,2025-11-15 16:11:00.024345,2025-11-15 16:11:06.724120,0 days 00:00:06.699775,squared_error,12,1,2,41,15,False,COMPLETE
108,11469.728780080552,2025-11-15 16:11:06.742646,2025-11-15 16:11:13.482859,0 days 00:00:06.740213,squared_error,11,1,3,11,17,False,COMPLETE
109,11697.61730989329,2025-11-15 16:11:13.503372,2025-11-15 16:11:20.410791,0 days 00:00:06.907419,friedman_mse,9,5,2,10,11,False,COMPLETE
110,11337.677994449816,2025-11-15 16:11:20.490865,2025-11-15 16:11:27.244814,0 days 00:00:06.753949,squared_error,28,4,3,11,13,False,COMPLETE
111,16945.659645613858,2025-11-15 16:11:27.324000,2025-11-15 16:11:34.186330,0 days 00:00:06.862330,squared_error,12,6,15,10,10,False,COMPLETE
112,11244.864644692803,2025-11-15 16:11:34.319054,2025-11-15 16:11:41.129035,0 days 00:00:06.809981,squared_error,10,7,1,10,10,False,COMPLETE
113,11748.668470083972,2025-11-15 16:11:41.201044,2025-11-15 16:11:47.711045,0 days 00:00:06.510001,squared_error,11,6,1,12,11,False,COMPLETE
114,26525.228209109733,2025-11-15 16:11:47.811558,2025-11-15 16:11:55.489216,0 days 00:00:07.677658,absolute_error,9,5,1,61,12,False,COMPLETE
115,11738.864948900085,2025-11-15 16:11:55.574430,2025-11-15 16:12:02.573762,0 days 00:00:06.999332,squared_error,10,9,2,10,15,False,COMPLETE
116,11989.974379861926,2025-11-15 16:12:02.645572,2025-11-15 16:12:08.855295,0 days 00:00:06.209723,squared_error,8,3,1,11,10,False,COMPLETE
117,11376.610550419122,2025-11-15 16:12:08.945264,2025-11-15 16:12:17.590009,0 days 00:00:08.644745,squared_error,11,7,2,10,78,False,COMPLETE
118,12317.216394570707,2025-11-15 16:12:17.684654,2025-11-15 16:12:24.257070,0 days 00:00:06.572416,squared_error,14,2,3,13,13,False,COMPLETE
119,14485.889209698584,2025-11-15 16:12:24.329818,2025-11-15 16:12:40.371459,0 days 00:00:16.041641,squared_error,12,4,1,23,249,False,COMPLETE
120,12408.315010286731,2025-11-15 16:12:40.385148,2025-11-15 16:12:46.712894,0 days 00:00:06.327746,squared_error,10,6,2,12,11,False,COMPLETE
121,11244.864644692805,2025-11-15 16:12:46.761009,2025-11-15 16:12:53.284076,0 days 00:00:06.523067,squared_error,10,7,1,10,10,False,COMPLETE
122,11467.79752222171,2025-11-15 16:12:53.434222,2025-11-15 16:13:00.458785,0 days 00:00:07.024563,squared_error,12,9,1,10,12,False,COMPLETE
123,11822.681497197338,2025-11-15 16:13:00.541926,2025-11-15 16:13:07.061767,0 days 00:00:06.519841,squared_error,9,5,1,11,10,False,COMPLETE
124,11277.193917536597,2025-11-15 16:13:07.163708,2025-11-15 16:13:14.281964,0 days 00:00:07.118256,squared_error,10,7,2,10,11,False,COMPLETE
125,11682.124757630676,2025-11-15 16:13:14.335035,2025-11-15 16:13:21.052706,0 days 00:00:06.717671,squared_error,11,6,1,11,14,False,COMPLETE
126,12250.217681240427,2025-11-15 16:13:21.141086,2025-11-15 16:13:28.207852,0 days 00:00:07.066766,squared_error,12,7,1,12,13,False,COMPLETE
127,11417.278140059672,2025-11-15 16:13:28.318653,2025-11-15 16:13:35.546424,0 days 00:00:07.227771,friedman_mse,14,10,2,10,11,False,COMPLETE
128,12083.726272243346,2025-11-15 16:13:35.559896,2025-11-15 16:13:42.327761,0 days 00:00:06.767865,squared_error,6,9,2,11,12,False,COMPLETE
129,11184.935771988212,2025-11-15 16:13:42.353816,2025-11-15 16:13:49.467845,0 days 00:00:07.114029,squared_error,10,5,1,10,10,False,COMPLETE
130,17506.345710115937,2025-11-15 16:13:49.577295,2025-11-15 16:13:56.374911,0 days 00:00:06.797616,squared_error,13,4,3,32,16,False,COMPLETE
131,11184.935771988214,2025-11-15 16:13:56.387054,2025-11-15 16:14:02.894341,0 days 00:00:06.507287,squared_error,10,5,1,10,10,False,COMPLETE
132,10975.245654768787,2025-11-15 16:14:02.941934,2025-11-15 16:14:09.864901,0 days 00:00:06.922967,squared_error,11,5,1,10,10,False,COMPLETE
133,11490.333304036116,2025-11-15 16:14:09.948655,2025-11-15 16:14:16.351380,0 days 00:00:06.402725,squared_error,11,3,2,11,12,False,COMPLETE
134,11722.029071991663,2025-11-15 16:14:16.391808,2025-11-15 16:14:23.131282,0 days 00:00:06.739474,squared_error,11,5,1,12,11,False,COMPLETE
135,11352.450898156249,2025-11-15 16:14:23.198973,2025-11-15 16:14:29.940783,0 days 00:00:06.741810,squared_error,9,4,2,10,13,False,COMPLETE
136,11356.453283587327,2025-11-15 16:14:30.139293,2025-11-15 16:14:36.639226,0 days 00:00:06.499933,squared_error,12,6,1,11,10,False,COMPLETE
137,14319.321259175598,2025-11-15 16:14:36.684029,2025-11-15 16:14:44.356103,0 days 00:00:07.672074,absolute_error,11,5,11,10,11,False,COMPLETE
138,11855.019235262476,2025-11-15 16:14:44.397971,2025-11-15 16:14:51.062808,0 days 00:00:06.664837,squared_error,8,3,1,11,15,False,COMPLETE
139,11418.565489194278,2025-11-15 16:14:51.075878,2025-11-15 16:14:58.025662,0 days 00:00:06.949784,squared_error,12,13,2,10,12,False,COMPLETE
140,13396.976179651838,2025-11-15 16:14:58.082174,2025-11-15 16:15:32.681401,0 days 00:00:34.599227,squared_error,11,4,1,19,645,False,COMPLETE
141,11051.37885576495,2025-11-15 16:15:32.784655,2025-11-15 16:15:39.868925,0 days 00:00:07.084270,squared_error,10,6,1,10,10,False,COMPLETE
142,11812.235967398194,2025-11-15 16:15:39.887526,2025-11-15 16:15:46.701021,0 days 00:00:06.813495,squared_error,10,5,1,11,10,False,COMPLETE
143,11381.35198353103,2025-11-15 16:15:46.842949,2025-11-15 16:15:54.042507,0 days 00:00:07.199558,squared_error,9,8,2,10,11,False,COMPLETE
144,11074.196054620032,2025-11-15 16:15:54.135200,2025-11-15 16:16:01.506642,0 days 00:00:07.371442,squared_error,13,6,1,10,13,False,COMPLETE
145,11285.780115193165,2025-11-15 16:16:01.547312,2025-11-15 16:16:08.524227,0 days 00:00:06.976915,squared_error,13,6,1,11,13,False,COMPLETE
146,11488.154400503212,2025-11-15 16:16:08.613873,2025-11-15 16:16:16.587201,0 days 00:00:07.973328,squared_error,10,11,1,10,14,False,COMPLETE
147,11355.197003344085,2025-11-15 16:16:16.659436,2025-11-15 16:16:23.583206,0 days 00:00:06.923770,squared_error,13,8,1,11,13,False,COMPLETE
148,11645.590862913821,2025-11-15 16:16:23.649787,2025-11-15 16:16:30.357795,0 days 00:00:06.708008,squared_error,8,6,2,10,12,False,COMPLETE
149,12015.583877677482,2025-11-15 16:16:30.445304,2025-11-15 16:16:37.559304,0 days 00:00:07.114000,squared_error,14,10,1,12,17,False,COMPLETE
150,11160.48769518579,2025-11-15 16:16:37.666195,2025-11-15 16:16:44.535456,0 days 00:00:06.869261,friedman_mse,11,4,1,10,15,False,COMPLETE
151,10933.960835976923,2025-11-15 16:16:44.599194,2025-11-15 16:16:51.322241,0 days 00:00:06.723047,friedman_mse,11,4,1,10,11,False,COMPLETE
152,11421.565093460766,2025-11-15 16:16:51.408398,2025-11-15 16:16:58.373989,0 days 00:00:06.965591,friedman_mse,11,3,1,11,11,False,COMPLETE
153,11318.926697486313,2025-11-15 16:16:58.484872,2025-11-15 16:17:06.298848,0 days 00:00:07.813976,friedman_mse,12,2,2,10,59,False,COMPLETE
154,11717.738067557151,2025-11-15 16:17:06.332043,2025-11-15 16:17:13.132848,0 days 00:00:06.800805,friedman_mse,11,4,1,11,14,False,COMPLETE
155,11403.412819559022,2025-11-15 16:17:13.246538,2025-11-15 16:17:20.158296,0 days 00:00:06.911758,friedman_mse,9,4,2,10,15,False,COMPLETE
156,17803.75301653825,2025-11-15 16:17:20.213609,2025-11-15 16:17:27.415130,0 days 00:00:07.201521,friedman_mse,12,6,1,48,12,False,COMPLETE
157,11800.425121696342,2025-11-15 16:17:27.444592,2025-11-15 16:17:34.718067,0 days 00:00:07.273475,friedman_mse,10,2,2,11,11,False,COMPLETE
158,11354.777487184205,2025-11-15 16:17:34.732684,2025-11-15 16:17:41.793272,0 days 00:00:07.060588,friedman_mse,11,12,1,10,12,False,COMPLETE
159,16589.55867714346,2025-11-15 16:17:41.904603,2025-11-15 16:17:48.811849,0 days 00:00:06.907246,friedman_mse,15,4,3,25,13,False,COMPLETE
160,17906.209875776385,2025-11-15 16:17:48.882313,2025-11-15 16:17:56.167617,0 days 00:00:07.285304,absolute_error,13,5,17,13,10,False,COMPLETE
161,11184.935771988212,2025-11-15 16:17:56.198185,2025-11-15 16:18:02.674872,0 days 00:00:06.476687,squared_error,10,5,1,10,10,False,COMPLETE
162,11101.489151926167,2025-11-15 16:18:02.730838,2025-11-15 16:18:10.070250,0 days 00:00:07.339412,squared_error,10,6,1,10,11,False,COMPLETE
163,10904.097792817562,2025-11-15 16:18:10.082418,2025-11-15 16:18:16.725775,0 days 00:00:06.643357,squared_error,11,6,1,10,11,False,COMPLETE
164,11476.39575625199,2025-11-15 16:18:16.788515,2025-11-15 16:18:23.302436,0 days 00:00:06.513921,squared_error,11,7,1,11,11,False,COMPLETE
165,11287.896270414301,2025-11-15 16:18:23.366983,2025-11-15 16:18:30.236551,0 days 00:00:06.869568,squared_error,12,8,2,10,14,False,COMPLETE
166,17009.445160094823,2025-11-15 16:18:30.338757,2025-11-15 16:18:37.465620,0 days 00:00:07.126863,squared_error,11,6,1,29,12,False,COMPLETE
167,25829.36187710928,2025-11-15 16:18:37.538845,2025-11-15 16:18:44.572670,0 days 00:00:07.033825,friedman_mse,12,7,2,75,13,False,COMPLETE
168,11903.85618001674,2025-11-15 16:18:44.588251,2025-11-15 16:18:51.673360,0 days 00:00:07.085109,squared_error,13,9,1,12,16,False,COMPLETE
169,13443.923886573913,2025-11-15 16:18:51.772763,2025-11-15 16:18:58.065668,0 days 00:00:06.292905,squared_error,9,6,9,11,11,False,COMPLETE
170,11167.755384465027,2025-11-15 16:18:58.128535,2025-11-15 16:19:04.566863,0 days 00:00:06.438328,squared_error,11,3,1,10,18,False,COMPLETE
171,11021.737144245324,2025-11-15 16:19:04.638184,2025-11-15 16:19:11.032690,0 days 00:00:06.394506,squared_error,11,3,1,10,12,False,COMPLETE
172,11101.302447006146,2025-11-15 16:19:11.048152,2025-11-15 16:19:17.900615,0 days 00:00:06.852463,squared_error,11,3,1,10,19,False,COMPLETE
173,11124.793857527071,2025-11-15 16:19:17.976437,2025-11-15 16:19:25.383577,0 days 00:00:07.407140,squared_error,11,2,2,10,15,False,COMPLETE
174,11313.881427336444,2025-11-15 16:19:25.417560,2025-11-15 16:19:32.292872,0 days 00:00:06.875312,squared_error,12,2,2,11,12,False,COMPLETE
175,11060.27251013168,2025-11-15 16:19:32.339010,2025-11-15 16:19:39.310655,0 days 00:00:06.971645,squared_error,11,1,2,10,13,False,COMPLETE
176,11307.469295062914,2025-11-15 16:19:39.351808,2025-11-15 16:19:45.874353,0 days 00:00:06.522545,squared_error,10,1,2,10,13,False,COMPLETE
177,12836.53578126625,2025-11-15 16:19:45.913604,2025-11-15 16:19:52.117708,0 days 00:00:06.204104,squared_error,12,2,7,12,14,False,COMPLETE
178,11482.376797601875,2025-11-15 16:19:52.165437,2025-11-15 16:19:58.971597,0 days 00:00:06.806160,squared_error,11,1,3,11,15,False,COMPLETE
179,23417.62303717976,2025-11-15 16:19:59.076732,2025-11-15 16:20:05.600668,0 days 00:00:06.523936,squared_error,14,1,2,55,11,False,COMPLETE
180,11321.26386774953,2025-11-15 16:20:05.623714,2025-11-15 16:20:12.105480,0 days 00:00:06.481766,squared_error,10,3,2,10,12,False,COMPLETE
181,11419.990894367798,2025-11-15 16:20:12.178427,2025-11-15 16:20:19.415137,0 days 00:00:07.236710,squared_error,11,16,1,10,11,False,COMPLETE
182,11346.64070355046,2025-11-15 16:20:19.482871,2025-11-15 16:20:26.258918,0 days 00:00:06.776047,squared_error,12,3,1,10,13,False,COMPLETE
183,11439.31433214448,2025-11-15 16:20:26.284857,2025-11-15 16:20:33.086512,0 days 00:00:06.801655,squared_error,11,2,1,11,12,False,COMPLETE
184,11004.131772879282,2025-11-15 16:20:33.187333,2025-11-15 16:20:39.782597,0 days 00:00:06.595264,squared_error,13,1,2,10,10,False,COMPLETE
185,11004.131772879286,2025-11-15 16:20:39.795697,2025-11-15 16:20:46.151665,0 days 00:00:06.355968,squared_error,13,1,2,10,10,False,COMPLETE
186,11330.39316477726,2025-11-15 16:20:46.250685,2025-11-15 16:20:53.093034,0 days 00:00:06.842349,squared_error,13,1,3,11,10,False,COMPLETE
187,11146.293545976965,2025-11-15 16:20:53.216883,2025-11-15 16:20:59.752230,0 days 00:00:06.535347,squared_error,14,1,2,10,10,False,COMPLETE
188,11248.012983487733,2025-11-15 16:20:59.876733,2025-11-15 16:21:06.237344,0 days 00:00:06.360611,squared_error,13,1,2,11,11,False,COMPLETE
189,11167.88326374469,2025-11-15 16:21:06.268383,2025-11-15 16:21:12.938445,0 days 00:00:06.670062,squared_error,12,2,1,10,10,False,COMPLETE
190,17520.84501238967,2025-11-15 16:21:12.952531,2025-11-15 16:21:19.338730,0 days 00:00:06.386199,squared_error,13,4,2,37,12,False,COMPLETE
191,11140.150937185355,2025-11-15 16:21:19.382744,2025-11-15 16:21:25.639574,0 days 00:00:06.256830,squared_error,12,2,2,10,11,False,COMPLETE
192,11410.668605359635,2025-11-15 16:21:25.707157,2025-11-15 16:21:32.827632,0 days 00:00:07.120475,squared_error,10,3,1,10,13,False,COMPLETE
193,10888.354454678702,2025-11-15 16:21:32.868817,2025-11-15 16:21:39.844603,0 days 00:00:06.975786,squared_error,11,2,1,10,11,False,COMPLETE
194,28963.12847671687,2025-11-15 16:21:39.857761,2025-11-15 16:21:46.088960,0 days 00:00:06.231199,squared_error,14,1,1,99,10,False,COMPLETE
195,11741.8314837346,2025-11-15 16:21:46.218247,2025-11-15 16:21:52.790712,0 days 00:00:06.572465,squared_error,10,3,1,11,11,False,COMPLETE
196,11227.480848734598,2025-11-15 16:21:52.875582,2025-11-15 16:21:59.529810,0 days 00:00:06.654228,squared_error,12,2,1,10,12,False,COMPLETE
197,11702.227074739143,2025-11-15 16:21:59.542224,2025-11-15 16:22:05.826792,0 days 00:00:06.284568,squared_error,15,1,1,11,10,False,COMPLETE
198,10915.624572779758,2025-11-15 16:22:05.905808,2025-11-15 16:22:12.724234,0 days 00:00:06.818426,squared_error,11,3,3,10,11,False,COMPLETE
199,11051.71365350283,2025-11-15 16:22:12.785929,2025-11-15 16:22:19.218443,0 days 00:00:06.432514,squared_error,13,3,2,10,11,False,COMPLETE
200,11150.390162562077,2025-11-15 16:22:19.273904,2025-11-15 16:22:25.696783,0 days 00:00:06.422879,squared_error,13,3,3,10,10,False,COMPLETE
201,10915.063893676244,2025-11-15 16:22:25.806802,2025-11-15 16:22:32.482729,0 days 00:00:06.675927,squared_error,11,3,2,10,11,False,COMPLETE
202,11245.09765973559,2025-11-15 16:22:32.581384,2025-11-15 16:22:39.176580,0 days 00:00:06.595196,squared_error,12,3,3,11,11,False,COMPLETE
203,10996.755297850963,2025-11-15 16:22:39.194587,2025-11-15 16:22:45.947790,0 days 00:00:06.753203,squared_error,11,2,2,10,12,False,COMPLETE
204,14045.499684724036,2025-11-15 16:22:46.002092,2025-11-15 16:22:52.904799,0 days 00:00:06.902707,squared_error,13,2,3,22,12,False,COMPLETE
205,11140.150937185354,2025-11-15 16:22:53.018152,2025-11-15 16:22:59.671524,0 days 00:00:06.653372,squared_error,12,2,2,10,11,False,COMPLETE
206,11660.689712732921,2025-11-15 16:22:59.744964,2025-11-15 16:23:07.400999,0 days 00:00:07.656035,absolute_error,13,4,2,11,12,False,COMPLETE
207,10918.585902447432,2025-11-15 16:23:07.487998,2025-11-15 16:23:13.719456,0 days 00:00:06.231458,squared_error,11,1,2,10,10,False,COMPLETE
208,10918.58590244743,2025-11-15 16:23:13.823959,2025-11-15 16:23:20.078247,0 days 00:00:06.254288,squared_error,11,1,2,10,10,False,COMPLETE
209,11466.604431654312,2025-11-15 16:23:20.118498,2025-11-15 16:23:26.284930,0 days 00:00:06.166432,squared_error,11,1,3,11,10,False,COMPLETE
210,11079.485053105036,2025-11-15 16:23:26.423131,2025-11-15 16:23:33.116971,0 days 00:00:06.693840,squared_error,10,2,2,10,10,False,COMPLETE
211,10872.988124878726,2025-11-15 16:23:33.213677,2025-11-15 16:23:39.462313,0 days 00:00:06.248636,squared_error,11,1,2,10,11,False,COMPLETE
212,10872.988124878724,2025-11-15 16:23:39.526868,2025-11-15 16:23:45.833621,0 days 00:00:06.306753,squared_error,11,1,2,10,11,False,COMPLETE
213,10918.630627722148,2025-11-15 16:23:45.886423,2025-11-15 16:23:52.377550,0 days 00:00:06.491127,squared_error,11,1,3,10,10,False,COMPLETE
214,10873.028784219383,2025-11-15 16:23:52.413211,2025-11-15 16:23:58.615935,0 days 00:00:06.202724,squared_error,11,1,3,10,11,False,COMPLETE
215,10918.630627722147,2025-11-15 16:23:58.628966,2025-11-15 16:24:04.886108,0 days 00:00:06.257142,squared_error,11,1,3,10,10,False,COMPLETE
216,11526.184550701964,2025-11-15 16:24:05.136338,2025-11-15 16:24:11.825022,0 days 00:00:06.688684,squared_error,11,1,4,11,10,False,COMPLETE
217,10873.02878421938,2025-11-15 16:24:11.959662,2025-11-15 16:24:18.384989,0 days 00:00:06.425327,squared_error,11,1,3,10,11,False,COMPLETE
218,11526.184550701964,2025-11-15 16:24:18.455794,2025-11-15 16:24:24.967456,0 days 00:00:06.511662,squared_error,11,1,4,11,10,False,COMPLETE
219,10873.028784219385,2025-11-15 16:24:25.008768,2025-11-15 16:24:31.783013,0 days 00:00:06.774245,squared_error,11,1,3,10,11,False,COMPLETE
220,10873.028784219376,2025-11-15 16:24:31.796247,2025-11-15 16:24:38.249621,0 days 00:00:06.453374,squared_error,11,1,3,10,11,False,COMPLETE
221,10965.585627981698,2025-11-15 16:24:38.279012,2025-11-15 16:24:44.673323,0 days 00:00:06.394311,squared_error,11,1,4,10,11,False,COMPLETE
222,10979.708239971154,2025-11-15 16:24:44.770373,2025-11-15 16:24:51.249711,0 days 00:00:06.479338,squared_error,11,2,4,10,11,False,COMPLETE
223,11619.891915004606,2025-11-15 16:24:51.272300,2025-11-15 16:24:57.904759,0 days 00:00:06.632459,squared_error,10,1,4,11,11,False,COMPLETE
224,11070.453659268594,2025-11-15 16:24:57.977267,2025-11-15 16:25:04.638087,0 days 00:00:06.660820,squared_error,11,2,5,10,11,False,COMPLETE
225,10873.028784219376,2025-11-15 16:25:04.650575,2025-11-15 16:25:11.186155,0 days 00:00:06.535580,squared_error,11,1,3,10,11,False,COMPLETE
226,17623.028020028192,2025-11-15 16:25:11.330094,2025-11-15 16:25:18.010304,0 days 00:00:06.680210,squared_error,12,1,3,43,12,False,COMPLETE
227,11558.479435830814,2025-11-15 16:25:18.073546,2025-11-15 16:25:24.421614,0 days 00:00:06.348068,squared_error,10,1,3,11,11,False,COMPLETE
228,10873.02878421938,2025-11-15 16:25:24.475216,2025-11-15 16:25:30.639458,0 days 00:00:06.164242,squared_error,11,1,3,10,11,False,COMPLETE
229,11353.169432987586,2025-11-15 16:25:30.665949,2025-11-15 16:25:37.133873,0 days 00:00:06.467924,squared_error,9,1,3,10,11,False,COMPLETE
230,13760.858986970847,2025-11-15 16:25:37.175089,2025-11-15 16:25:43.510019,0 days 00:00:06.334930,squared_error,4,2,3,17,13,False,COMPLETE
231,26480.667842730898,2025-11-15 16:25:43.559032,2025-11-15 16:25:49.899167,0 days 00:00:06.340135,squared_error,11,1,3,90,10,False,COMPLETE
232,11254.478926118883,2025-11-15 16:25:49.947994,2025-11-15 16:25:56.381130,0 days 00:00:06.433136,squared_error,12,1,4,10,11,False,COMPLETE
233,11212.036501203018,2025-11-15 16:25:56.422838,2025-11-15 16:26:02.725819,0 days 00:00:06.302981,squared_error,10,1,3,10,12,False,COMPLETE
234,10935.53359050212,2025-11-15 16:26:02.780990,2025-11-15 16:26:09.557140,0 days 00:00:06.776150,squared_error,11,2,3,10,10,False,COMPLETE
235,13135.06816766675,2025-11-15 16:26:09.629751,2025-11-15 16:26:16.478156,0 days 00:00:06.848405,squared_error,1,2,3,11,11,False,COMPLETE
236,11176.111164265472,2025-11-15 16:26:16.493160,2025-11-15 16:26:24.148149,0 days 00:00:07.654989,squared_error,11,2,3,10,109,False,COMPLETE
237,11556.622673921102,2025-11-15 16:26:24.256586,2025-11-15 16:26:30.910693,0 days 00:00:06.654107,squared_error,12,1,4,11,10,False,COMPLETE
238,11251.03074856797,2025-11-15 16:26:30.925048,2025-11-15 16:26:37.806578,0 days 00:00:06.881530,squared_error,10,2,3,10,12,False,COMPLETE
239,10873.028784219383,2025-11-15 16:26:37.819308,2025-11-15 16:26:44.205534,0 days 00:00:06.386226,squared_error,11,1,3,10,11,False,COMPLETE
240,11060.306914189172,2025-11-15 16:26:44.282702,2025-11-15 16:26:51.128475,0 days 00:00:06.845773,squared_error,11,1,3,10,13,False,COMPLETE
241,11126.472967143505,2025-11-15 16:26:51.141808,2025-11-15 16:26:58.062725,0 days 00:00:06.920917,squared_error,11,2,3,10,42,False,COMPLETE
242,11307.402107607075,2025-11-15 16:26:58.198313,2025-11-15 16:27:12.476389,0 days 00:00:14.278076,squared_error,10,1,4,10,209,False,COMPLETE
243,11190.996653510063,2025-11-15 16:27:12.570639,2025-11-15 16:27:19.503481,0 days 00:00:06.932842,squared_error,12,1,3,10,11,False,COMPLETE
244,11467.176453393444,2025-11-15 16:27:19.564927,2025-11-15 16:27:26.339656,0 days 00:00:06.774729,squared_error,11,2,3,11,10,False,COMPLETE
245,11273.704422032275,2025-11-15 16:27:26.354616,2025-11-15 16:27:32.485741,0 days 00:00:06.131125,squared_error,12,1,3,10,12,False,COMPLETE
246,11196.281931112371,2025-11-15 16:27:32.498956,2025-11-15 16:27:39.481358,0 days 00:00:06.982402,absolute_error,10,2,4,10,11,False,COMPLETE
247,11466.604431654312,2025-11-15 16:27:39.537347,2025-11-15 16:27:45.937142,0 days 00:00:06.399795,squared_error,11,1,3,11,10,False,COMPLETE
248,10996.792568913246,2025-11-15 16:27:46.006277,2025-11-15 16:27:52.498150,0 days 00:00:06.491873,squared_error,11,2,3,10,12,False,COMPLETE
249,11492.20592499689,2025-11-15 16:27:52.626359,2025-11-15 16:27:59.403949,0 days 00:00:06.777590,squared_error,12,1,3,11,11,False,COMPLETE
250,12665.257180128148,2025-11-15 16:27:59.484021,2025-11-15 16:28:07.034708,0 days 00:00:07.550687,squared_error,10,20,4,10,12,False,COMPLETE
251,10918.630627722143,2025-11-15 16:28:07.055780,2025-11-15 16:28:13.553714,0 days 00:00:06.497934,squared_error,11,1,3,10,10,False,COMPLETE
252,11041.220018949012,2025-11-15 16:28:13.587799,2025-11-15 16:28:19.980900,0 days 00:00:06.393101,squared_error,11,1,3,10,14,False,COMPLETE
253,11640.519537035498,2025-11-15 16:28:20.039172,2025-11-15 16:28:26.301524,0 days 00:00:06.262352,squared_error,10,2,4,11,11,False,COMPLETE
254,11223.351551701895,2025-11-15 16:28:26.363498,2025-11-15 16:28:32.579384,0 days 00:00:06.215886,squared_error,12,1,3,10,10,False,COMPLETE
255,11619.672368967163,2025-11-15 16:28:32.631371,2025-11-15 16:29:01.245919,0 days 00:00:28.614548,squared_error,11,2,4,11,530,False,COMPLETE
256,11309.356586792908,2025-11-15 16:29:01.283668,2025-11-15 16:29:07.555661,0 days 00:00:06.271993,squared_error,10,1,3,10,13,False,COMPLETE
257,10888.395114019359,2025-11-15 16:29:07.629541,2025-11-15 16:29:13.895212,0 days 00:00:06.265671,squared_error,11,2,3,10,11,False,COMPLETE
258,17242.369502175883,2025-11-15 16:29:13.914616,2025-11-15 16:29:20.162805,0 days 00:00:06.248189,squared_error,9,3,14,11,10,False,COMPLETE
259,11116.03562815768,2025-11-15 16:29:20.175640,2025-11-15 16:29:28.144511,0 days 00:00:07.968871,squared_error,11,2,3,10,94,False,COMPLETE
260,11294.611126512369,2025-11-15 16:29:28.158770,2025-11-15 16:29:34.520654,0 days 00:00:06.361884,squared_error,12,2,3,10,12,False,COMPLETE
261,17352.181009691914,2025-11-15 16:29:34.534039,2025-11-15 16:29:40.781627,0 days 00:00:06.247588,squared_error,11,3,18,11,11,True,COMPLETE
262,11029.296259626783,2025-11-15 16:29:40.867033,2025-11-15 16:29:47.357319,0 days 00:00:06.490286,squared_error,10,1,2,10,10,False,COMPLETE
263,11375.238985321905,2025-11-15 16:29:47.416689,2025-11-15 16:29:53.958900,0 days 00:00:06.542211,squared_error,12,2,5,11,12,False,COMPLETE
264,11060.27251013168,2025-11-15 16:29:53.972955,2025-11-15 16:30:00.349034,0 days 00:00:06.376079,squared_error,11,1,2,10,13,False,COMPLETE
265,11569.698655549166,2025-11-15 16:30:00.461824,2025-11-15 16:30:06.830111,0 days 00:00:06.368287,friedman_mse,9,2,3,10,11,False,COMPLETE
266,11831.703209010951,2025-11-15 16:30:06.888180,2025-11-15 16:30:13.959329,0 days 00:00:07.071149,squared_error,10,3,3,11,14,False,COMPLETE
267,11143.401989220381,2025-11-15 16:30:14.026935,2025-11-15 16:30:20.576824,0 days 00:00:06.549889,squared_error,12,1,2,10,10,False,COMPLETE
268,11758.703217896411,2025-11-15 16:30:20.602641,2025-11-15 16:30:27.068621,0 days 00:00:06.465980,squared_error,11,2,3,12,12,False,COMPLETE
269,14643.106239412762,2025-11-15 16:30:27.178377,2025-11-15 16:30:34.118710,0 days 00:00:06.940333,absolute_error,11,1,12,10,11,False,COMPLETE
270,11753.829545754217,2025-11-15 16:30:34.131129,2025-11-15 16:30:40.607150,0 days 00:00:06.476021,squared_error,10,3,2,11,10,False,COMPLETE
271,11364.929386407322,2025-11-15 16:30:40.723253,2025-11-15 16:30:47.957780,0 days 00:00:07.234527,squared_error,12,2,3,10,32,False,COMPLETE
272,10982.669495534321,2025-11-15 16:30:47.972592,2025-11-15 16:30:54.416498,0 days 00:00:06.443906,squared_error,11,1,2,10,12,False,COMPLETE
273,11770.02507545141,2025-11-15 16:30:54.465984,2025-11-15 16:31:00.836952,0 days 00:00:06.370968,squared_error,10,1,4,11,13,False,COMPLETE
274,11140.150937185355,2025-11-15 16:31:00.877989,2025-11-15 16:31:07.549574,0 days 00:00:06.671585,squared_error,12,2,2,10,11,False,COMPLETE
275,10935.533590502118,2025-11-15 16:31:07.668500,2025-11-15 16:31:14.158029,0 days 00:00:06.489529,squared_error,11,2,3,10,10,False,COMPLETE
276,11467.176453393444,2025-11-15 16:31:14.239106,2025-11-15 16:31:20.812022,0 days 00:00:06.572916,squared_error,11,2,3,11,10,False,COMPLETE
277,11267.245485965082,2025-11-15 16:31:20.853784,2025-11-15 16:31:37.735246,0 days 00:00:16.881462,friedman_mse,9,1,3,10,300,False,COMPLETE
278,11126.183679152336,2025-11-15 16:31:37.794921,2025-11-15 16:31:44.660573,0 days 00:00:06.865652,squared_error,10,2,3,10,11,False,COMPLETE
279,12055.77581849706,2025-11-15 16:31:44.727646,2025-11-15 16:31:51.112775,0 days 00:00:06.385129,squared_error,12,1,4,12,13,False,COMPLETE
280,17173.139226907373,2025-11-15 16:31:51.145020,2025-11-15 16:31:57.799078,0 days 00:00:06.654058,squared_error,11,1,3,34,12,False,COMPLETE
281,11234.274295660061,2025-11-15 16:31:57.888824,2025-11-15 16:32:04.809751,0 days 00:00:06.920927,squared_error,12,2,2,11,11,True,COMPLETE
282,11151.420194608523,2025-11-15 16:32:04.920468,2025-11-15 16:32:11.379172,0 days 00:00:06.458704,squared_error,27,3,3,10,10,False,COMPLETE
283,11437.387575132918,2025-11-15 16:32:11.404530,2025-11-15 16:32:17.708168,0 days 00:00:06.303638,squared_error,11,1,2,11,14,False,COMPLETE
284,10979.708239971156,2025-11-15 16:32:17.745245,2025-11-15 16:32:24.478207,0 days 00:00:06.732962,squared_error,11,2,4,10,11,False,COMPLETE
285,11271.75650051808,2025-11-15 16:32:24.491707,2025-11-15 16:32:30.736652,0 days 00:00:06.244945,squared_error,10,1,4,10,12,False,COMPLETE
286,11815.085068263103,2025-11-15 16:32:30.778668,2025-11-15 16:32:37.451413,0 days 00:00:06.672745,squared_error,10,2,3,11,10,False,COMPLETE
287,10915.063893676244,2025-11-15 16:32:37.490454,2025-11-15 16:32:44.465829,0 days 00:00:06.975375,squared_error,11,3,2,10,11,False,COMPLETE
288,13087.472719963776,2025-11-15 16:32:44.528991,2025-11-15 16:32:50.807380,0 days 00:00:06.278389,squared_error,12,3,8,10,12,False,COMPLETE
289,12974.204726000897,2025-11-15 16:32:50.916152,2025-11-15 16:32:58.082264,0 days 00:00:07.166112,friedman_mse,9,22,2,19,14,False,COMPLETE
290,13423.496715580626,2025-11-15 16:32:58.180882,2025-11-15 16:33:04.766802,0 days 00:00:06.585920,squared_error,11,1,10,11,11,False,COMPLETE
291,11345.595944095843,2025-11-15 16:33:04.780493,2025-11-15 16:33:11.086991,0 days 00:00:06.306498,squared_error,12,3,2,10,13,False,COMPLETE
292,11081.41406452784,2025-11-15 16:33:11.270887,2025-11-15 16:33:17.749678,0 days 00:00:06.478791,squared_error,10,1,2,10,11,False,COMPLETE
293,11490.333304036114,2025-11-15 16:33:17.856203,2025-11-15 16:33:24.626644,0 days 00:00:06.770441,squared_error,11,3,2,11,12,False,COMPLETE
294,11290.519866231169,2025-11-15 16:33:24.670016,2025-11-15 16:33:33.918016,0 days 00:00:09.248000,squared_error,10,2,3,10,140,False,COMPLETE
295,11241.894886180058,2025-11-15 16:33:34.025526,2025-11-15 16:33:40.649828,0 days 00:00:06.624302,poisson,11,1,2,11,10,False,COMPLETE
296,11493.338452851489,2025-11-15 16:33:40.691138,2025-11-15 16:33:47.778323,0 days 00:00:07.087185,absolute_error,12,2,3,12,11,False,COMPLETE
297,11215.801253561833,2025-11-15 16:33:47.828723,2025-11-15 16:33:54.764056,0 days 00:00:06.935333,squared_error,30,1,4,10,12,False,COMPLETE
298,11357.400425741045,2025-11-15 16:33:54.789287,2025-11-15 16:34:01.695590,0 days 00:00:06.906303,squared_error,10,4,2,10,13,False,COMPLETE
299,11490.86047045144,2025-11-15 16:34:01.711039,2025-11-15 16:34:08.126987,0 days 00:00:06.415948,squared_error,12,1,2,11,11,False,COMPLETE
300,16909.05046696505,2025-11-15 16:34:08.178695,2025-11-15 16:34:14.405116,0 days 00:00:06.226421,squared_error,11,2,16,10,10,False,COMPLETE
301,25745.65108422972,2025-11-15 16:34:14.468178,2025-11-15 16:34:21.670719,0 days 00:00:07.202541,squared_error,11,3,3,66,10,True,COMPLETE
302,11466.868566869598,2025-11-15 16:34:21.683136,2025-11-15 16:34:28.084156,0 days 00:00:06.401020,squared_error,9,2,3,10,12,False,COMPLETE
303,11558.852844921723,2025-11-15 16:34:28.133888,2025-11-15 16:34:34.791900,0 days 00:00:06.658012,squared_error,10,1,2,11,11,False,COMPLETE
304,11275.731090531553,2025-11-15 16:34:34.865489,2025-11-15 16:34:41.979801,0 days 00:00:07.114312,squared_error,12,8,3,10,13,False,COMPLETE
305,25010.368406738384,2025-11-15 16:34:42.025670,2025-11-15 16:34:48.330658,0 days 00:00:06.304988,squared_error,11,1,2,57,14,False,COMPLETE
306,10935.533590502122,2025-11-15 16:34:48.376626,2025-11-15 16:34:55.105363,0 days 00:00:06.728737,squared_error,11,2,3,10,10,False,COMPLETE
307,11815.536861101727,2025-11-15 16:34:55.117993,2025-11-15 16:35:01.834200,0 days 00:00:06.716207,friedman_mse,10,3,2,11,12,False,COMPLETE
308,10965.585627981698,2025-11-15 16:35:01.927188,2025-11-15 16:35:08.336244,0 days 00:00:06.409056,squared_error,11,1,4,10,11,False,COMPLETE
309,12106.396881736235,2025-11-15 16:35:08.410142,2025-11-15 16:35:14.999781,0 days 00:00:06.589639,squared_error,12,1,3,12,11,False,COMPLETE
310,11037.998251111378,2025-11-15 16:35:15.030520,2025-11-15 16:35:21.877215,0 days 00:00:06.846695,squared_error,12,4,2,10,12,False,COMPLETE
311,11373.29317540851,2025-11-15 16:35:21.889877,2025-11-15 16:35:29.119644,0 days 00:00:07.229767,squared_error,10,2,4,11,72,False,COMPLETE
312,13232.164637760632,2025-11-15 16:35:29.149274,2025-11-15 16:35:35.685343,0 days 00:00:06.536069,squared_error,9,2,5,16,10,False,COMPLETE
313,11809.386776716725,2025-11-15 16:35:35.758995,2025-11-15 16:35:42.926592,0 days 00:00:07.167597,squared_error,12,14,2,10,13,False,COMPLETE
314,11371.1867877941,2025-11-15 16:35:43.018741,2025-11-15 16:35:49.898625,0 days 00:00:06.879884,squared_error,11,1,3,11,11,False,COMPLETE
315,10964.869248124705,2025-11-15 16:35:49.993284,2025-11-15 16:35:56.675096,0 days 00:00:06.681812,squared_error,11,3,2,10,10,False,COMPLETE
316,11212.036501203014,2025-11-15 16:35:56.688397,2025-11-15 16:36:03.095467,0 days 00:00:06.407070,friedman_mse,10,1,3,10,12,False,COMPLETE
317,11717.074660356175,2025-11-15 16:36:03.122549,2025-11-15 16:36:09.702944,0 days 00:00:06.580395,squared_error,11,2,3,12,14,False,COMPLETE
318,11233.940310559012,2025-11-15 16:36:09.718531,2025-11-15 16:36:16.947747,0 days 00:00:07.229216,absolute_error,22,1,2,11,10,True,COMPLETE
319,15251.610509778799,2025-11-15 16:36:16.986171,2025-11-15 16:36:23.278048,0 days 00:00:06.291877,squared_error,12,3,3,25,11,False,COMPLETE
320,11609.935204503687,2025-11-15 16:36:23.326862,2025-11-15 16:36:30.076544,0 days 00:00:06.749682,poisson,10,2,4,10,13,False,COMPLETE
321,11520.516182435365,2025-11-15 16:36:30.089734,2025-11-15 16:37:29.853361,0 days 00:00:59.763627,squared_error,11,9,2,10,881,False,COMPLETE
322,11558.852844921723,2025-11-15 16:37:29.866827,2025-11-15 16:37:36.237147,0 days 00:00:06.370320,squared_error,10,1,2,11,11,False,COMPLETE
323,16863.308034937287,2025-11-15 16:37:36.312535,2025-11-15 16:37:43.310938,0 days 00:00:06.998403,squared_error,11,2,4,30,48,False,COMPLETE
324,11310.182139765233,2025-11-15 16:37:43.360301,2025-11-15 16:37:50.171471,0 days 00:00:06.811170,squared_error,12,1,3,10,15,False,COMPLETE
325,11021.752906110272,2025-11-15 16:37:50.346671,2025-11-15 16:37:57.287351,0 days 00:00:06.940680,squared_error,11,3,3,10,12,False,COMPLETE
326,17464.142929979113,2025-11-15 16:37:57.380508,2025-11-15 16:38:04.228838,0 days 00:00:06.848330,squared_error,10,8,20,11,10,False,COMPLETE
327,10928.952543467265,2025-11-15 16:38:04.241684,2025-11-15 16:38:10.674004,0 days 00:00:06.432320,squared_error,12,4,1,10,11,False,COMPLETE
328,14081.651899254968,2025-11-15 16:38:10.789717,2025-11-15 16:38:17.482152,0 days 00:00:06.692435,squared_error,12,4,1,21,13,False,COMPLETE
329,17580.05734551865,2025-11-15 16:38:17.533040,2025-11-15 16:38:24.282357,0 days 00:00:06.749317,squared_error,11,4,7,46,12,False,COMPLETE
330,11353.723294898618,2025-11-15 16:38:24.296256,2025-11-15 16:38:30.746271,0 days 00:00:06.450015,squared_error,9,4,1,10,11,False,COMPLETE
331,11491.280470451436,2025-11-15 16:38:30.813533,2025-11-15 16:38:37.439731,0 days 00:00:06.626198,friedman_mse,12,1,1,11,11,False,COMPLETE
332,12387.707952429453,2025-11-15 16:38:37.564271,2025-11-15 16:38:44.339692,0 days 00:00:06.775421,squared_error,10,2,1,12,12,False,COMPLETE
333,10872.988124878722,2025-11-15 16:38:44.448648,2025-11-15 16:38:51.222606,0 days 00:00:06.773958,squared_error,11,1,2,10,11,False,COMPLETE
334,11530.359219470576,2025-11-15 16:38:51.376823,2025-11-15 16:38:59.198556,0 days 00:00:07.821733,squared_error,10,17,2,10,14,False,COMPLETE
335,11143.401989220383,2025-11-15 16:38:59.264669,2025-11-15 16:39:05.693084,0 days 00:00:06.428415,squared_error,12,1,2,10,10,False,COMPLETE
336,11439.314332144479,2025-11-15 16:39:05.718555,2025-11-15 16:39:12.049078,0 days 00:00:06.330523,squared_error,11,1,2,11,12,False,COMPLETE
337,11060.272510131674,2025-11-15 16:39:12.062364,2025-11-15 16:39:18.689958,0 days 00:00:06.627594,squared_error,11,1,2,10,13,False,COMPLETE
338,11127.040240417158,2025-11-15 16:39:18.722270,2025-11-15 16:39:25.371484,0 days 00:00:06.649214,squared_error,10,2,2,10,11,True,COMPLETE
339,11554.681750337444,2025-11-15 16:39:25.464337,2025-11-15 16:39:31.996348,0 days 00:00:06.532011,squared_error,12,1,3,11,10,False,COMPLETE
340,11486.948897771834,2025-11-15 16:39:32.055364,2025-11-15 16:39:38.450052,0 days 00:00:06.394688,squared_error,11,1,2,11,13,False,COMPLETE
341,12929.526579968096,2025-11-15 16:39:38.464729,2025-11-15 16:39:45.078474,0 days 00:00:06.613745,squared_error,25,2,9,10,11,False,COMPLETE
342,26020.437519134124,2025-11-15 16:39:45.136848,2025-11-15 16:39:51.888659,0 days 00:00:06.751811,squared_error,12,1,3,75,15,False,COMPLETE
343,11789.371055155629,2025-11-15 16:39:51.901772,2025-11-15 16:39:58.773860,0 days 00:00:06.872088,squared_error,13,3,6,10,37,False,COMPLETE
344,11251.815929727401,2025-11-15 16:39:58.824302,2025-11-15 16:40:05.351472,0 days 00:00:06.527170,squared_error,10,2,2,10,12,False,COMPLETE
345,11466.559706379598,2025-11-15 16:40:05.466829,2025-11-15 16:40:12.230719,0 days 00:00:06.763890,squared_error,11,1,1,11,10,False,COMPLETE
346,11249.935046335077,2025-11-15 16:40:12.244429,2025-11-15 16:40:19.090050,0 days 00:00:06.845621,squared_error,11,9,2,10,11,False,COMPLETE
347,12204.691800830553,2025-11-15 16:40:19.130066,2025-11-15 16:40:25.595306,0 days 00:00:06.465240,squared_error,9,2,1,12,10,False,COMPLETE
348,11534.803279405785,2025-11-15 16:40:25.639483,2025-11-15 16:40:32.524270,0 days 00:00:06.884787,squared_error,12,1,3,11,14,False,COMPLETE
349,11348.160904687973,2025-11-15 16:40:32.563895,2025-11-15 16:40:39.858789,0 days 00:00:07.294894,absolute_error,10,3,3,10,12,False,COMPLETE
350,11070.672188689332,2025-11-15 16:40:39.871177,2025-11-15 16:40:46.493932,0 days 00:00:06.622755,squared_error,12,7,4,10,11,False,COMPLETE
351,11439.314332144477,2025-11-15 16:40:46.532289,2025-11-15 16:40:53.253109,0 days 00:00:06.720820,squared_error,11,2,2,11,12,False,COMPLETE
352,11664.488877050873,2025-11-15 16:40:53.265880,2025-11-15 16:40:59.514792,0 days 00:00:06.248912,poisson,9,1,1,10,16,False,COMPLETE
353,11467.176453393447,2025-11-15 16:40:59.614058,2025-11-15 16:41:05.929508,0 days 00:00:06.315450,squared_error,11,2,3,11,10,False,COMPLETE
354,11441.864419092544,2025-11-15 16:41:05.993403,2025-11-15 16:41:13.303073,0 days 00:00:07.309670,squared_error,10,8,2,10,13,False,COMPLETE
355,11190.996653510063,2025-11-15 16:41:13.316303,2025-11-15 16:41:19.734517,0 days 00:00:06.418214,squared_error,12,1,3,10,11,False,COMPLETE
356,11035.978029049107,2025-11-15 16:41:19.748600,2025-11-15 16:41:26.266013,0 days 00:00:06.517413,squared_error,11,2,4,10,10,False,COMPLETE
357,13272.368480290545,2025-11-15 16:41:26.364792,2025-11-15 16:41:34.045814,0 days 00:00:07.681022,squared_error,10,3,2,18,60,True,COMPLETE
358,11371.146128453445,2025-11-15 16:41:34.083998,2025-11-15 16:41:40.272284,0 days 00:00:06.188286,squared_error,11,1,1,11,11,False,COMPLETE
359,17123.74001754404,2025-11-15 16:41:40.364287,2025-11-15 16:41:46.999246,0 days 00:00:06.634959,squared_error,12,1,15,12,12,False,COMPLETE
360,11031.331222686618,2025-11-15 16:41:47.076093,2025-11-15 16:41:53.998166,0 days 00:00:06.922073,squared_error,13,2,2,10,13,False,COMPLETE
361,11558.479435830812,2025-11-15 16:41:54.011369,2025-11-15 16:42:00.305158,0 days 00:00:06.293789,squared_error,10,1,3,11,11,False,COMPLETE
362,11902.422086354198,2025-11-15 16:42:00.341395,2025-11-15 16:42:06.908360,0 days 00:00:06.566965,squared_error,3,3,2,10,10,False,COMPLETE
363,10996.792568913248,2025-11-15 16:42:06.962402,2025-11-15 16:42:13.514763,0 days 00:00:06.552361,squared_error,11,2,3,10,12,False,COMPLETE
364,11552.708043060073,2025-11-15 16:42:13.527367,2025-11-15 16:42:19.733488,0 days 00:00:06.206121,squared_error,10,1,1,11,10,False,COMPLETE
365,15032.68345757738,2025-11-15 16:42:19.752547,2025-11-15 16:42:26.370055,0 days 00:00:06.617508,squared_error,11,2,12,10,14,False,COMPLETE
366,17558.738515003475,2025-11-15 16:42:26.472327,2025-11-15 16:42:32.720492,0 days 00:00:06.248165,squared_error,12,1,2,38,11,False,COMPLETE
367,11101.387834986597,2025-11-15 16:42:32.738826,2025-11-15 16:42:39.374692,0 days 00:00:06.635866,squared_error,13,3,3,10,28,False,COMPLETE
368,11439.314332144482,2025-11-15 16:42:39.406934,2025-11-15 16:42:46.018471,0 days 00:00:06.611537,squared_error,11,2,1,11,12,False,COMPLETE
369,11353.940816238737,2025-11-15 16:42:46.082105,2025-11-15 16:42:52.523116,0 days 00:00:06.441011,squared_error,8,1,4,10,13,False,COMPLETE
370,11582.571879473873,2025-11-15 16:42:52.570615,2025-11-15 16:42:59.567859,0 days 00:00:06.997244,squared_error,9,2,2,11,10,False,COMPLETE
371,17309.606096957003,2025-11-15 16:42:59.685790,2025-11-15 16:43:06.478571,0 days 00:00:06.792781,squared_error,11,1,3,35,11,False,COMPLETE
372,11199.598830780318,2025-11-15 16:43:06.490923,2025-11-15 16:43:12.830141,0 days 00:00:06.339218,squared_error,12,3,1,10,10,False,COMPLETE
373,11916.82283136465,2025-11-15 16:43:12.921808,2025-11-15 16:43:19.940522,0 days 00:00:07.018714,poisson,10,7,4,10,12,False,COMPLETE
374,11270.528966685491,2025-11-15 16:43:20.026508,2025-11-15 16:43:27.060908,0 days 00:00:07.034400,absolute_error,12,1,2,11,11,False,COMPLETE
375,11877.170732092194,2025-11-15 16:43:27.073534,2025-11-15 16:43:34.357192,0 days 00:00:07.283658,squared_error,10,19,2,10,14,False,COMPLETE
376,10996.792568913246,2025-11-15 16:43:34.431689,2025-11-15 16:43:40.985237,0 days 00:00:06.553548,squared_error,11,2,3,10,12,True,COMPLETE
377,10918.585902447428,2025-11-15 16:43:41.051392,2025-11-15 16:43:47.204598,0 days 00:00:06.153206,squared_error,11,1,1,10,10,False,COMPLETE
378,11505.715897833668,2025-11-15 16:43:47.269584,2025-11-15 16:43:53.913158,0 days 00:00:06.643574,squared_error,11,11,3,11,10,False,COMPLETE
379,11469.788420781426,2025-11-15 16:43:54.033791,2025-11-15 16:44:00.677692,0 days 00:00:06.643901,squared_error,5,1,1,10,10,False,COMPLETE
380,10872.988124878724,2025-11-15 16:44:00.737111,2025-11-15 16:44:07.341157,0 days 00:00:06.604046,squared_error,11,1,2,10,11,False,COMPLETE
381,11248.012983487733,2025-11-15 16:44:07.354283,2025-11-15 16:44:13.727722,0 days 00:00:06.373439,squared_error,13,1,2,11,11,False,COMPLETE
382,11249.069908824362,2025-11-15 16:44:13.740849,2025-11-15 16:44:36.725267,0 days 00:00:22.984418,squared_error,10,1,2,10,446,False,COMPLETE
383,11074.465547765738,2025-11-15 16:44:36.760870,2025-11-15 16:44:43.135143,0 days 00:00:06.374273,squared_error,11,2,3,10,13,False,COMPLETE
384,14378.752599635534,2025-11-15 16:44:43.170054,2025-11-15 16:44:49.355037,0 days 00:00:06.184983,squared_error,9,1,5,23,10,False,COMPLETE
385,11371.1867877941,2025-11-15 16:44:49.437053,2025-11-15 16:44:55.918135,0 days 00:00:06.481082,squared_error,11,1,3,11,11,False,COMPLETE
386,12388.095035762786,2025-11-15 16:44:55.971293,2025-11-15 16:45:02.370676,0 days 00:00:06.399383,squared_error,10,1,2,12,12,False,COMPLETE
387,11350.72333453585,2025-11-15 16:45:02.469039,2025-11-15 16:45:09.258988,0 days 00:00:06.789949,squared_error,12,2,4,10,12,False,COMPLETE
388,10918.630627722147,2025-11-15 16:45:09.280749,2025-11-15 16:45:15.858055,0 days 00:00:06.577306,squared_error,11,1,3,10,10,False,COMPLETE
389,10918.630627722141,2025-11-15 16:45:15.956849,2025-11-15 16:45:22.523053,0 days 00:00:06.566204,squared_error,11,1,3,10,10,False,COMPLETE
390,11554.681750337444,2025-11-15 16:45:22.582583,2025-11-15 16:45:28.854708,0 days 00:00:06.272125,squared_error,12,1,3,11,10,False,COMPLETE
391,11020.443155860701,2025-11-15 16:45:28.909666,2025-11-15 16:45:35.767681,0 days 00:00:06.858015,squared_error,11,1,4,10,10,False,COMPLETE
392,11639.970402547953,2025-11-15 16:45:35.793212,2025-11-15 16:45:42.118342,0 days 00:00:06.325130,squared_error,10,2,4,11,10,False,COMPLETE
393,11248.439597078028,2025-11-15 16:45:42.184434,2025-11-15 16:45:48.773996,0 days 00:00:06.589562,squared_error,12,2,3,10,10,False,COMPLETE
394,10873.02878421938,2025-11-15 16:45:48.838542,2025-11-15 16:45:55.570620,0 days 00:00:06.732078,squared_error,11,1,3,10,11,False,COMPLETE
395,26514.431189407722,2025-11-15 16:45:55.583075,2025-11-15 16:46:01.714001,0 days 00:00:06.130926,squared_error,10,1,3,89,11,False,COMPLETE
396,11191.786633408217,2025-11-15 16:46:01.727147,2025-11-15 16:46:08.214068,0 days 00:00:06.486921,squared_error,11,2,4,10,15,False,COMPLETE
397,11514.494754700432,2025-11-15 16:46:08.259165,2025-11-15 16:46:15.268709,0 days 00:00:07.009544,squared_error,10,1,3,11,23,False,COMPLETE
398,13518.226313903486,2025-11-15 16:46:15.318574,2025-11-15 16:46:22.488013,0 days 00:00:07.169439,absolute_error,13,2,3,10,13,True,COMPLETE
399,11082.073886817321,2025-11-15 16:46:22.575598,2025-11-15 16:46:29.165400,0 days 00:00:06.589802,poisson,11,1,3,10,11,False,COMPLETE
